tweet_id|user_id|created_at|hashtags|like_count|quote_count|reply_count|retweet_count|tweet_text
1622605428252348417|1136625485356474368|2023-02-0614:37:35.000000+0000|['Ethereum','ETH','Webumarketing']|0|0|1|0|3/10:ğŸ’ª#EthereumisallsetforitshighlyanticipatedShanghaiupgradewiththelaunchofitsfirsttestnet.\n\nThisupgradewillallowvalidatorstowithdrawtheirstaked#ETH.\n\nExcitement&amp;anxiousnessfollowamongETHholders.#Webumarketing
1622605514302705668|1429354238853795843|2023-02-0614:37:55.000000+0000|['Bitcoin','Airdrop','Hashtagger']|0|0|0|0|#Bitcoin#Airdrop#Hashtagger$BTChttps://t.co/XrU12t0lRw\nThanksforgivingussuchagreatopportunity.Iamsupportingit!
1622605340582850560|1574334663400751106|2023-02-0614:37:14.000000+0000|['hacking','twitterdown','facebookdown','meta','icloud','support','NFTs','Crypto','BUSD','USDT','SEGA']|0|0|0|0|WorkingonEveryone'sCasesisyourskilledhacker.\nSendinyourhackingproblemsforprompt,satisfactoryresolutions.\n24/7accesstome\n#hacking#twitterdown#facebookdown#meta#icloud#support#NFTs#Crypto#BUSD\xa0\xa0â€¯â€¯â€¯#USDT\xa0\xa0â€¯â€¯â€¯#SEGA
1622605629096329217|1618523620656955392|2023-02-0614:38:23.000000+0000|['KNDM']|0|0|0|0|@AgroCrypto361@CryptoKoalaBtc@KingdomERCLFGGGG$KNDM.#KNDM
1622605163407237127|1594551708788887552|2023-02-0614:36:32.000000+0000|['Whale','btc','unknown','Binance','whalealert','openai','hodl','bulltrap','safu','ä»®æƒ³é€šè²¨','fomo','ë°”ì´ë¹—']|0|0|0|0|ğŸ‹ğŸ³#WhaleAlertğŸ‹ğŸ³\n[Ticker]#btc\n[TransactionType]transfer\n[From]#unknown\n[To]#Binance(exchange)\n[Amount]275.402\n[ValueinUSD]6,249,325.5\n\n#whalealert\n\n#openai\n#hodl\n#bulltrap\n#safu\n#ä»®æƒ³é€šè²¨\n#fomo\n#ë°”ì´ë¹—\n\nWill$DOGEhit$1?https://t.co/U5vjEYXQOT
1622605142607679488|1374627799588171780|2023-02-0614:36:27.000000+0000|['Bitcoin','Airdrop','Hashtagger']|0|0|0|0|Readyforeverything,it'samust!.#Bitcoin#Airdrop#Hashtagger$BTChttps://t.co/0ErnDWzP2D
1622605157690228738|1477603631968968704|2023-02-0614:36:30.000000+0000|['SquidGrow','YearOfTheSquid','PiNetwork','NFTs','BSC','BNB','Binance','BITCOIN','ETH','SGX','1000x','VOLTINU','SHIB','shibainu','Floki','BABYDOGE']|0|0|0|0|@100xAltcoinGems#SquidGrowğŸ¦‘ğŸ¦‘ğŸ¦‘ğŸ¦‘â¤ï¸ğŸ”¥ğŸ”¥ğŸ”¥ğŸš€#YearOfTheSquid@Shibtoshi_SGCEO@Squid_GrowğŸ”¥ğŸš€@AreDub2#PiNetwork#NFTs#BSC#BNB#Binance#BITCOIN#ETHBridge#SGX#1000x#VOLTINU#SHIB#shibainu#Floki#BABYDOGE@elonmuskhttps://t.co/k80hMZFiLX
1622605659098451970|1621986704503754752|2023-02-0614:38:30.000000+0000|['ETH','NFTs','NFT','CHOOCHUNES','VOLT','KABOSU','OKAGE','1000x','ChookyInu','Ethereum']|0|0|0|0|@bscwhalegems@ChookyinuMemecoinUtilityTokenwith#ETHrewards,#NFTsStaking,Music#NFTPlatform#CHOOCHUNES.Animationseriescollaborationwithbigprojectsalreadyonboard#VOLT@Squid_Grow@Shibtoshi_SG#KABOSU#OKAGE.HUGEPotentialfor$CHOOtopopoff#1000x#ChookyInu#Ethereumhttps://t.co/ZRnDgu8JlZ
1622605229651906560|486780546|2023-02-0614:36:47.000000+0000|['XRP']|0|0|0|0|@Will_Tanner_1I'llcrossthatbridgewhenwegetthere.Notsurewe'llevenhaveanormal2024electionatthispoint.\n\n11.3\n\n#XRP
1622605324174630912|1608457658197065728|2023-02-0614:37:10.000000+0000|['PancakeSwap','FLOKIM','FLOKIMOONI','DOGE','SHIB']|0|0|0|0|@CryptoThro@FlokiMooniisabouttotakeoffğŸ”¥\n\nâœ…Dapp&amp;NFTP2E\nâ‡ï¸LPlockedwithproof\nâ‡ï¸DOGErewardsforholders\n\nğŸš«NoPresale/Private/Whitelist\nğŸš«NoTeamwallets\nğŸ”¥50%Burn\nğŸ’§50%to#PancakeSwap\n\n#FLOKIM#FLOKIMOONI#DOGE#SHIB
1622605419335274498|1565561909587222528|2023-02-0614:37:33.000000+0000|['Digicom','Digicom','DCOM','blockchain','cryptocurrency','technology','bitcoin','money','crypto','Binance','BNB','cryptocurrencies','fintech']|1|0|0|0|Thisisaveryinteresting,couldyoupleasepleasebemorespecificassohowsomeonecoulduseanewcaexample.#Digicom#Digicom#DCOM#blockchain#cryptocurrency#technology#bitcoinâ€¯â€¯â€¯#money#crypto#Binanceâ€¯â€¯â€¯#BNBâ€¯â€¯â€¯#cryptocurrencies#fintech
1622605163293999105|1468623928155586565|2023-02-0614:36:32.000000+0000|['RudeBoysGang','NaughtyNotNice','XRP','NFT','XRPCommunity','XRPL','Feb14th']|0|0|0|0|@CollectionRude@xrpcafe8moredaystillmintğŸ˜ğŸ–•ğŸ»ğŸ‘€ğŸ”¥ğŸ¤˜ğŸ»Savethedateyoulittlerascalsâ€¼ï¸â€¼ï¸â€¼ï¸#RudeBoysGang#NaughtyNotNice#XRP#NFT#XRPCommunity#XRPL#Feb14thhttps://t.co/xwDhEZLBXt
1622605591251238912|1618917598774558723|2023-02-0614:38:14.000000+0000|['FLOV','ValentineFloki','Valentine','Floki','BSC','crypto','BNB','ElonMusk','Floki','100xgem','100x']|0|0|0|0|@MarcelvandenB17Valentineiscoming!!!â™¥ï¸\nPrepareyourselvesforanexplosiveweekğŸš€ğŸš€\n\nJoinourcommunity:\nhttps://t.co/yjQftSXVOz\n\n#FLOV#ValentineFloki#Valentine#Floki#BSC#crypto#BNB#ElonMusk#Floki#100xgem#100x
1622605532682137601|1535935654613360641|2023-02-0614:38:00.000000+0000|['SHIB','Shibarium','DOGE','Dogecoin']|0|0|0|0|A40%rallyintheworksfor#SHIB,alleyesonthehighlyanticipated#Shibarium@ShibariumGemsğŸš€\n\nPLUS:$SHIBpricerebounds100%afterrecordlowsagainst$DOGE.\n\nGetallthefigures&amp;predictionshere:ğŸ¤©\n\n@Shibtoken@dogecoin#DOGE#Dogecoin\n\nğŸ‘‰https://t.co/StSczcEJnR
1622605630715330561|1570799371251290112|2023-02-0614:38:23.000000+0000|['NFTs','cryptocurrency','BNB','ETH']|0|0|0|0|SendmeyournewGemsnow!\n#NFTs#cryptocurrency#BNB#ETH
1622605272320450562|31381544|2023-02-0614:36:58.000000+0000|['BSC','Crypto','LandlordToken','BSCGems']|0|0|0|0|@Mark_Crypto_offWithoutquestion,itâ€™sthe@Landlord_token,theUKâ€™sFirst#BSCBeer&amp;Pub#Cryptoecosystem,BUSDreflections,DoxxedandAudited\nListedonCoinGecko,CMCsoonâ€¦\n$LNDLRD#LandlordToken#BSCGems\nhttps://t.co/PmbmOEazmjgmsd37
1622605392525262848|1617896228892839936|2023-02-0614:37:26.000000+0000|['VOLT','SHIB','Babydoge','Doge']|0|0|0|0|#VOLTfollowing#SHIBpathasitjustkilledazeroâš¡\n\n$10,000,000+burnandnewblockchainincomingğŸ”¥\n\nThenextbigmemecoinonETHandBSCğŸ‘€ğŸš€\n\n#Babydoge#Doge
1622605596964036611|2880631253|2023-02-0614:38:15.000000+0000|['ETC','XMR','bch','xlm','near','ape','bel']|1|0|0|0|#ETC#XMR#bch#xlm#near#ape#bel/usdtistakingoffasexpectedğŸ”¥https://t.co/oxhKV0uHz9
1622605397923176449|1511476544635641858|2023-02-0614:37:28.000000+0000|['AVAX','Education','LINK','Profit247','viral','MoonBeam','MoneyFetish','CULT','CryptocurrencyMillionaire']|0|0|0|0|Profit$1000/DaywithcompetentğŸŒ$TRXğŸ“Š#AVAXğŸ”—#EducationğŸ…shatteringğŸ’°$SOLâ™¨ï¸#LINKğŸ§©#Profit247ğŸ¦#viralâš¡ï¸#MoonBeamğŸŒ#MoneyFetishğŸŒfineğŸ”±$TRXğŸ’#CULTğŸ’#CryptocurrencyMillionaire\nhttps://t.co/uIq0rInAwt
1622605261113286658|1619607708960804864|2023-02-0614:36:55.000000+0000|['cz','Vcash','bsc']|0|0|0|0|@GollumsGemsVCASHSOFTCAPHASBEENFILLED\n\nVcashisadigitalcurrencyorcryptocurrencythatâ€™sdesignedtobeusedaselectroniccash.Updatedwiththerevolutionaryprivacyprotocol,ensuringcompleteanonymity,scalabilityandfungibility\nhttps://t.co/qWObbNHjl0\n#cz#Vcash#bsc\nğŸ¤‘1534
1622605408798908416|202429655|2023-02-0614:37:30.000000+0000|['BTC','bitcoin']|0|0|0|0|#BTC\xa0isgoingsidewaysbcitalreadyhitW5fibatW3andsonow1/2arealreadyonW2!SincethisW4istakingsolong,Iwantyouguystobepreparedfor$16.8k(W2).Thisisholdingnicelyabovethefibfornowandaslongaswe'reaboveit,thetargetis$17032(W5)#bitcoinhttps://t.co/MWyPHJmCaY
1622605474800754688|1046176469741916160|2023-02-0614:37:46.000000+0000|['XRP']|0|0|0|0|Dear#XRPcommunity,pleasetakeithttps://t.co/TaskkZMRKy
1622605201613148161|1530506826952757248|2023-02-0614:36:41.000000+0000|['Kyrgyzstan','Som','Banknote','Watermark','NFT','ETH','OpenSea','Asia','NFTShill','Numismatic','Billetes','DigitalArt','NFTCommunity','Art']|0|0|0|0|#Kyrgyzstan#Som#Banknote#Watermark\n\nBuythis#NFTfor0.02#ETH\n\nPleasevisitthis#OpenSeaLink:https://t.co/G0PJU1vKPg\n\n#Asia#NFTShill#Numismatic#Billetes#DigitalArt#NFTCommunity#Art
1622605563254145025|1491802558054092806|2023-02-0614:38:07.000000+0000|['NFTCommunity','Web3gaming','decentralized','cryptocasino','BTC','token','blockchaintechnology']|0|0|0|0|ğŸ“¢Whoisreadyforthelaunch?ğŸ‘€\n\n#NFTCommunity#Web3gaming#decentralized#cryptocasino#BTC#token#blockchaintechnologyhttps://t.co/JlA7mvEIuj
1622605166330449923|1622146577648308224|2023-02-0614:36:32.000000+0000|['crypto','anime','memecoin','btcARE','DENJIINU','DENJI','crypto','anime','memecoin','btc']|0|0|0|0|@CryptoMatt87$denji#crypto#anime#memecoin#btcAREYOUAHOLDEROF#DENJIINU\nIFNOTINVESTNOW\nBUYBUYBUY!!!!!!!!\n#DENJI@1goonrich\n@denji_inu1\n@elonmusk\n$denji#crypto#anime#memecoin#btchttps://t.co/b7FMpxHCXd
1622605469515644929|1611664970650976256|2023-02-0614:37:45.000000+0000|['tinytesla','btc','blockchain','crypto']|0|0|0|0|@CoinMarketCapGooddaygemlovers,haveyougotaminutetocheckthisbullishBSCprojectTinyteslainternationalImrockingwith?Meanwhileournext100xiscloserthanyouthinkbuy&amp;hodl$TINTnowhurry\n\nhttps://t.co/XUim1OrWcf\nhttps://t.co/9M3xJPf2KSâ€¦\n#tinytesla#btc#blockchain#cryptohttps://t.co/N6ngaCwfue
1622605495948435456|502516662|2023-02-0614:37:51.000000+0000|['XRP']|0|0|0|0|TwitterSpace?#XRPhttps://t.co/uQ3gkrUuUH
1622605264405819397|104525133|2023-02-0614:36:56.000000+0000|['mushmon','sol','nft','NFTCommunity']|0|0|0|0|@RalveroBullishlong-termNFTproject#mushmonlaunchingsoon.AbsolutelyinsaneandbeautifulartfollowedupwithacommunitygrantfocusedonsupportingSolanadevelopers.Follow\n@ImMoonbound\nforupdatesandjoinTG.https://t.co/pNMPe92qYD#sol#nft#NFTCommunity
1622605338381012994|1619674259756060672|2023-02-0614:37:13.000000+0000|['BSC','Polygon','ETH','CRO']|0|0|0|0|@LorantDlr@kingfinance@SidekickFinance'sJumpStart!Ourcross-chainplatformallowsforsafeandsecurefundraisingforyourprojectson#BSC#Polygon#ETH#CRO
1622605294000799752|202429655|2023-02-0614:37:03.000000+0000|['btc']|0|0|0|0|Whereâ€™sallmyTApeeps??Shareyour#btc\xa0chartsbelow!ğŸ‘‡ğŸ¼Letâ€™sbenerdstogether.
1622605222521470984|1608457658197065728|2023-02-0614:36:46.000000+0000|['PancakeSwap','FLOKIM','FLOKIMOONI','DOGE','SHIB']|0|0|0|0|@Chot4a@FlokiMooniisabouttotakeoffğŸ”¥\n\nâœ…Dapp&amp;NFTP2E\nâ‡ï¸LPlockedwithproof\nâ‡ï¸DOGErewardsforholders\n\nğŸš«NoPresale/Private/Whitelist\nğŸš«NoTeamwallets\nğŸ”¥50%Burn\nğŸ’§50%to#PancakeSwap\n\n#FLOKIM#FLOKIMOONI#DOGE#SHIB
1622605646855311362|1405898670575288323|2023-02-0614:38:27.000000+0000|['NatureShinsei','MMO','P2E','BNB','crypto','YearOfTheShinsei','beta','AxieOrigins','Pokemon']|0|0|0|0|@SacredTailsUPDATE....Iacquiredanevenstronger#NatureShinseilastnight.\n\n1604HPw/300StrengthğŸ¤¯ğŸ’ªğŸ’ª\n\nThis#MMO#P2Egame,builton#BNB,willtakethe#cryptoworldbystormin2023\n#YearOfTheShinsei\n\nExplorewithmein#beta@https://t.co/bgWnVvZoR0\n\n$ST#AxieOrigins#Pokemonhttps://t.co/REozdgoWrZ
1622605516609318913|920917015874981888|2023-02-0614:37:56.000000+0000|['DOGE']|0|0|0|0|$DOGE#DOGEKeepaneyeonthebuilduphttps://t.co/M1IoRpTSwJ
1622605411814703107|1507702590196355072|2023-02-0614:37:31.000000+0000|['BTC']|0|0|0|0|@gregzaj1@BigSeanHarris@GoldLeader89@Gregzaj3@MemeFactoryTM@ICOffenderII@RD_btc@GregZajDos@Don_Tsell@GregZajTres#BTCI'mMiraI'mnewhere,currentlyI'mdevelopingmyuniverseaswellasmyresearchtooltosecurethecryptospheredon'thesitatetofollowmetobeoneofthefirsttotakeadvantageofmyservicesonceavailable!welcometotheMiraverse!\nhttps://t.co/D4HwqICTaahttps://t.co/Q1iT1I9zx8
1622605364872232960|1223131387563130880|2023-02-0614:37:20.000000+0000|['XRP']|0|0|0|0|TwitterSpace?#XRPhttps://t.co/WNpSm1ZkkV
1622605427505606656|1546364668503298048|2023-02-0614:37:35.000000+0000|['BinanceCoin','BNB','Bitcoin','Ethereum','altcoin','crypto','cryptocurrency']|0|0|0|0|#BinanceCoinpriceupdate:$BNB\n\n#BNB$327.6USD\n\n#Bitcoin0.01432BTC\n\n#Ethereum0.20084ETH\n\n#altcoin#crypto#cryptocurrency\n\nFollowforrecentBNBpriceupdates
1622605368328171522|89935817|2023-02-0614:37:21.000000+0000|['shib']|0|0|0|0|@SHIBpossessor#shibbreakinggoldbarriersuptonewATH
1622605512708849664|1372728726115426306|2023-02-0614:37:55.000000+0000|['Turkey','Syria']|0|0|0|0|@ShytoshiKusamaPrayingforeveryone'ssafety.\n#Turkeyand#Syria\nğŸ™ğŸ™ğŸ™
1622605506639454208|1619221351956639745|2023-02-0614:37:53.000000+0000|['cz','Vcash','bsc']|0|0|0|0|@ClankAppVCASHSOFTCAPHASBEENFILLED\n\nVcashisadigitalcurrencyorcryptocurrencythatâ€™sdesignedtobeusedaselectroniccash.Updatedwiththerevolutionaryprivacyprotocol,ensuringcompleteanonymity,scalabilityandfungibility\nhttps://t.co/ruJJaDzKZ2\n#cz#Vcash#bsc\n#2806
1622605274933522433|1385801333903695873|2023-02-0614:36:58.000000+0000|['btc','btc']|0|0|1|0|#btc6hrlooksjuicy.\n#btcnowatthekeysupportanddemandzone.\nğŸš¨neverlongtheresistance\nğŸš¨nevershortthesupport.https://t.co/1jn5SqtoOghttps://t.co/1kMtkFXXnc
1622605393221279747|57481443|2023-02-0614:37:26.000000+0000|['bitcoin','crypto','btc']|0|0|0|0|ğŸ”¥CardanoDirectionâ“Checktheposthttps://t.co/S2JnOyo3Ft#bitcoin@tradingview#crypto$btc#btc
1622605225948504064|1150690749169770496|2023-02-0614:36:47.000000+0000|['metaverse','Hepta','vr','vrsport','VRChat','META','NFTProject']|0|0|0|0|OnCreatedHEPTAGONUnverseour\nsportsloverstheycanproducetherown\nNFTSattheNFTmarketandmarket\ntheseNFTSontherownNFTPlatforms\nthattheyhavecreated..#metaverse$Hepta#Hepta#vr#vrsport#VRChat#META#NFTProject\nTelegram:https://t.co/HkRiro6BBDhttps://t.co/T3OF9rHo3b
1622605532132696064|1304339661121359875|2023-02-0614:38:00.000000+0000|['XRP']|0|0|0|0|DidDavidSchwartzpredictthe#XRPprice?https://t.co/deb44hH1eb
1622606950021169154|1615389669205721088|2023-02-0614:43:38.000000+0000|['ATAI','AI','ETH','AllThingsArtificialIntelligence','Ethereum']|0|0|0|0|@Tasmagoria_AllThingsArtificialAI$ATAI,soundsgreatisn'tit?.\nThisisthemooningparcelrn.Sittingatanapeablemcnow.\nâ­ï¸don'tslack\nâ­ï¸don'tmiss\nâ­ï¸don'tfade.\nğŸ’¥Headingto1MMC!\n#ATAI#AI#ETH#AllThingsArtificialIntelligence\n#Ethereum.\n@AllThingsAIERC\nTG:https://t.co/b0zgXGcPHahttps://t.co/wd94QJRmAt
1622605671555563520|1619674259756060672|2023-02-0614:38:33.000000+0000|['Jumpstart','ETH','BSC','MATIC','CRO','crowdfunding','NFT','decentralized','cryptocurrency']|1|0|0|0|@goreduxnowHello,you'relookingfortherightcrowdfundingplatform,@SidekickFinance#Jumpstartgotyou-thefirstdecentralizedcrowdfundingplatformthatrunsonallmajorEVMchains#ETH#BSC#MATIC#CRO\xa0â€¯â€¯â€¯#crowdfunding#NFT#decentralized#cryptocurrency
1622606937257832448|1618917598774558723|2023-02-0614:43:35.000000+0000|['FLOV','ValentineFloki','Valentine','Floki','BSC','crypto','BNB','ElonMusk','Floki','100xgem','100x']|0|0|0|0|@BetfuryPhValentineiscoming!!!â™¥ï¸\nPrepareyourselvesforanexplosiveweekğŸš€ğŸš€\n\nJoinourcommunity:\nhttps://t.co/yjQftSXVOz\n\n#FLOV#ValentineFloki#Valentine#Floki#BSC#crypto#BNB#ElonMusk#Floki#100xgem#100x
1622605509197955073|1435111446459736068|2023-02-0614:37:54.000000+0000|['decentralized','oracle','chainlink','DeFi','BTC','ETH']|0|0|0|0|Witnetisa#decentralized#oracleaggregatingpricefeedsacrosschainssimilarto#chainlink,butdecentralized.mcapisstillverytiny\n\n#DeFi#BTC#ETHhttps://t.co/QQS4XFMdQF
1622605579502878721|1524464743964102656|2023-02-0614:38:11.000000+0000|['mdracers','cnft','ada']|0|0|0|0|MadDogRacersSale!MadDogRacers#7933soldfor50.0ADAathttps://t.co/9fKAAIibk1\n\nhttps://t.co/Q1AIwdeb4y\n\n#mdracers#cnft#adahttps://t.co/8s0ZNL9IJG
1622605351051730946|1569120919356084225|2023-02-0614:37:16.000000+0000|['BTC','BTC','crypto','whale','alert','coinscreener']|0|0|0|0|$446.09k#BTClongedat$22889.5(USDT)onBinanceUSDâ“ˆ-M.\n\n#BTC$BTC#crypto#whale#alert#coinscreener\nForreal-timeWhaleinsightsğŸ‘‰https://t.co/sNSATXoyuQ
1622605354101100545|1569120919356084225|2023-02-0614:37:17.000000+0000|['BTC','BTC','crypto','whale','alert','coinscreener']|0|0|0|0|$308.73k#BTClongedat$22893.0(USDT)onBinanceUSDâ“ˆ-M.\n\n#BTC$BTC#crypto#whale#alert#coinscreener\nForreal-timeWhaleinsightsğŸ‘‰https://t.co/sNSATXoyuQ
1622605183057334280|1170965732009697280|2023-02-0614:36:36.000000+0000|['PancakeSwap','FLOKIM','FLOKIMOONI','DOGE','SHIB']|0|0|0|0|@cj_mello@AlexEmidio7@Adolfo_AC@KoreaComK@FlokiMooniisabouttotakeoffğŸ”¥\n\nâœ…Dapp&amp;NFTP2E\nâ‡ï¸LPlockedwithproof\nâ‡ï¸DOGErewardsforholders\n\nğŸš«NoPresale/Private/Whitelist\nğŸš«NoTeamwallets\nğŸ”¥50%Burn\nğŸ’§50%to#PancakeSwap\n\n#FLOKIM#FLOKIMOONI#DOGE#SHIB
1622605402964893697|1345058971|2023-02-0614:37:29.000000+0000|['XRP']|0|0|0|0|HappySundayfam...#XRPhttps://t.co/qnpfExa8fq
1622605523135746049|1597557011939475457|2023-02-0614:37:57.000000+0000|['staking','HODLHands','NFTs','NFT','BNB']|0|0|0|0|Earn160%APR!ğŸ¤‘ğŸ¤‘ğŸ¤‘\n\nAreyoumissingoutonthisincredible#stakingpool?ğŸ˜\n\nStake$HODLXtoearn#HODLHands#NFTs!Ifyoudon'tearnacomplete#NFTyoucanalsotopupthebalancewith#BNB!âœŠğŸ”¥\n\nğŸ‘‰https://t.co/cniJ8X0TBHhttps://t.co/nUsDvRP8gV
1622605312317435906|1488497685241942017|2023-02-0614:37:07.000000+0000|['Bullrun','Shiba','Doge','ShibaDoge']|0|0|0|0|@AltcoinWorldcomHopeYouâ€™llhaveagreatweekandthemarketwillstaygreen.Iâ€™mloadingupbefore#Bullrun\n\nMissed#ShibaMissed#Doge\nDonâ€™tmiss#ShibaDoge&amp;$BURN\n\nFollow@RealshibadogeandjoinTG:https://t.co/WygsmQcOsahttps://t.co/vAmHA53NKJ
1622605202485350400|1548310862019973124|2023-02-0614:36:41.000000+0000|['PancakeSwap','FLOKIM','FLOKIMOONI','DOGE','SHIB']|0|0|0|0|@princesspromos_@AdamEShelton@FlokiMooniisabouttotakeoffğŸ”¥\n\nâœ…Dapp&amp;NFTP2E\nâ‡ï¸LPlockedwithproof\nâ‡ï¸DOGErewardsforholders\n\nğŸš«NoPresale/Private/Whitelist\nğŸš«NoTeamwallets\nğŸ”¥50%Burn\nğŸ’§50%to#PancakeSwap\n\n#FLOKIM#FLOKIMOONI#DOGE#SHIB
1622605483067703296|887661618074484736|2023-02-0614:37:48.000000+0000|['XRP']|0|0|0|0|Alright.#XRPreceivedhttps://t.co/KhW3wkoR5C
1622605654312783873|1139501196564021250|2023-02-0614:38:29.000000+0000|['Leo','Varisu']|0|0|0|0|Literally,KillingHatersWithHisStardomğŸ”¥AatanayaganğŸ¥âœ…#Leo#Varisu@actorvijayhttps://t.co/9pGpai0lkJ
1622607015347363841|1606548363037769730|2023-02-0614:43:53.000000+0000|['Bitcoin']|0|0|0|0|@PrecissionTrade#Bitcoin\xa0willmakearuntowards$30-40Kthisyear,mostlikelycoming6monthsandpeoplearen'treadyforit.\n\nYâ€™allfollow@_btckun.Sheâ€™sasuperunderratedBitcoinerIâ€™vehavebeenfollowinghistweetsandtipclosely\n\nFollowher
1622606968375615488|1594883986429333506|2023-02-0614:43:42.000000+0000|['borkbork','borkbot','bork','eth']|0|0|0|0|@JirkaSaFuCallsAndIhavebeentellingyouabout$BORKğŸ«¡ThisgemisreadytoexplodeğŸ˜‰ğŸš€$bork#borkbork#borkbot#bork#eth
1622606998591119361|1608457658197065728|2023-02-0614:43:49.000000+0000|['PancakeSwap','FLOKIM','FLOKIMOONI','DOGE','SHIB']|0|0|0|0|@InfraHaz@FlokiMooniisabouttotakeoffğŸ”¥\n\nâœ…Dapp&amp;NFTP2E\nâ‡ï¸LPlockedwithproof\nâ‡ï¸DOGErewardsforholders\n\nğŸš«NoPresale/Private/Whitelist\nğŸš«NoTeamwallets\nğŸ”¥50%Burn\nğŸ’§50%to#PancakeSwap\n\n#FLOKIM#FLOKIMOONI#DOGE#SHIB
1622605418320084995|3727699154|2023-02-0614:37:32.000000+0000|['cryptonewstoday','Crypto','News','Blockchain','BTC','Ethereum','NFT','Bitcoin','Binance']|0|0|0|0|GoodNEWS-#cryptonewstodayğŸª™\n\n#Crypto#News#Blockchain#BTC#Ethereum#NFT#Bitcoin#Binancehttps://t.co/t4O01si8LZ
1622606933076357120|1294664232353423361|2023-02-0614:43:34.000000+0000|['HEX','HDRN','ICSA','PulseChain','Bitcoin','BTC','Ethereum','ETH']|0|0|0|0|@HviidHEX@IvanOnTech@PulsechainComIagreewith@HviidHEX.Thesearegamechangers.\n\nThekeyunlockingallofthemistheT-Share:\n\nâ€¢T-Sharesmint#HEX&amp;#HDRN\nâ€¢StakingHDRNmints#ICSA\nâ€¢StakingICSAmintsHDRN&amp;ICSA\n\n...allfreewhenyouhaveT-Shares.:)\n\n#PulseChain#Bitcoin#BTC#Ethereum#ETHhttps://t.co/uIv9yCgYNa
1622605639980818434|1492386394484150272|2023-02-0614:38:25.000000+0000|['NFT','NFTs','NFTartwork','NFTarts','OpenSeaNFT','ETH','Art','Web3','Web3Names']|0|0|0|0|@ShiLLin_ViLLianğŸ™ğŸ½VisitMyProfile\nâœ‰ï¸Share,Retweet,Support\nğŸ”¥Makemy#NFTartsold\nğŸ’NewProjectWillriseupğŸš€\nğŸ”¥Grabitnow.\nğŸ’MakeAnyOffer.\nğŸ‘€Accordingtoyourrating.\n\n#NFTs#NFTartwork#NFTarts#OpenSeaNFT#ETH#Art#Web3#Web3Names\n\nhttps://t.co/cEZBfTy2ka
1622605368613371904|1523682545237385216|2023-02-0614:37:21.000000+0000|['BTC','Bitcoin']|0|0|0|0|ğŸš¨29#BTC(682,555USD)justtransferredğŸš¨\n\nFrom:\n1K7kp2VJfZZ1AzB4XetVmKgJjqNfn5UsYA\n\nTo:\n1NrPhWrMmupXq6YrfSeEBW8jrxUvVJfNiJ\n\nTxhash:\n20656c3a908753a30b29b42b0d93669e1637092c81c363518cd786d248994efd\n\n#Bitcoin$BTC
1622605384824258562|1512795715831013379|2023-02-0614:37:24.000000+0000|['SHIBA','AISHIBA','SHIBARMY','VOLT','ETH','SHIBARIUM','VOLTICHANGE','1000xgem','100xgem']|0|0|0|0|@AceholeCreeptoe@Thorshammergems@AiShibaEthWEAT$AISHIBOWNTHEFLOORPLUSWEEARN5%rewardsin$SHIBA\n#SHIBA#AISHIBA#SHIBARMY#VOLT#ETH$AISHIB$SHIB$DOGE$VOLT#SHIBARIUM#VOLTICHANGE#1000xgem#100xgem\n\nhttps://t.co/jhQmoHUlp0
1622605271087345665|1573952123674427392|2023-02-0614:36:57.000000+0000|['Dell','dell','trending','btc','bnb','eth','crypto','nft','bsc','web3','pump']|0|0|0|0|Howwouldyouspend20#Dell?\n\nBuildcompanyandemployworkers\nCreatealovelycomforthomeforyourfamily\nTravetomoonandspendvacations\n\n#dell#trending#btc#bnb#eth#crypto#nft#bsc#web3#pump
1622605482425737217|1608457658197065728|2023-02-0614:37:48.000000+0000|['PancakeSwap','FLOKIM','FLOKIMOONI','DOGE','SHIB']|0|0|0|0|@BSCGemsAlert@FlokiMooniisabouttotakeoffğŸ”¥\n\nâœ…Dapp&amp;NFTP2E\nâ‡ï¸LPlockedwithproof\nâ‡ï¸DOGErewardsforholders\n\nğŸš«NoPresale/Private/Whitelist\nğŸš«NoTeamwallets\nğŸ”¥50%Burn\nğŸ’§50%to#PancakeSwap\n\n#FLOKIM#FLOKIMOONI#DOGE#SHIB
1622605631751421954|1559249326307790848|2023-02-0614:38:23.000000+0000|['tcg','imx','NFTs']|0|0|0|0|Justgotan@AradenaWarriorGenesisCardPack!\n\nTweetingthistogetafreeone,prayingforaThronePackğŸ™\n#tcg#imx#NFTs
1622605442919837697|1467166267123462145|2023-02-0614:37:38.000000+0000|['BCH','Cashrain']|0|0|0|0|@Albin73560184@GoCrypto_Poweredby#BCHon#CashrainğŸ™Œ
1622605326297219074|2203095196|2023-02-0614:37:10.000000+0000|['Leo','Varisu','VarisuHits300cr']|0|0|0|0|No.1starofTamilindustry#Leo#Varisu#VarisuHits300crhttps://t.co/XBulRteHRo
1622606955503325185|1230891005244608512|2023-02-0614:43:39.000000+0000|['Leo','Varisu']|0|0|0|0|@vasutheatreCleanSweepâœ…ğŸ”¥\n#Leo#Varisu@actorvijay
1622605603423281153|1619674259756060672|2023-02-0614:38:17.000000+0000|['BSC','Polygon','ETH','CRO']|0|0|0|0|@BetterLunc@SidekickFinance'sJumpStart!Ourcross-chainplatformallowsforsafeandsecurefundraisingforaprojectson#BSC#Polygon#ETH#CRO\xa0\nTakealookourNFTcrowdfundinghere\nhttps://t.co/9Z0FiyaEYF
1622607009974550530|1610617608222511104|2023-02-0614:43:52.000000+0000|['SHIBARIUM','avax','Avalanche']|0|0|0|0|@songofolivia@OkageERC$OKAGEisğŸ‘€ğŸš€ğŸ¶#SHIBARIUM#avax#Avalanche\ntwitter:@okageerc\nwebsite:https://t.co/ru4xXjjiRS\ntelegram:https://t.co/dUjnP8yZUh\nwhitepaper:https://t.co/FgTSUpNXHchttps://t.co/XFxW0hqEiP
1622606947370377216|700445814582353920|2023-02-0614:43:37.000000+0000|['SOL']|0|0|0|0|#SOLanalysis:pricepushedtryingtobreaktheendurancezonewithoutanyresults,bearmomentmayappearwewatchthesupportzone.Wewanttolong/shortinthechannelleveluntilthepricebreaksoneofthesupp/endurancezone.\nhttps://t.co/aRSo1j3qZJ
1622605174475997184|468960282|2023-02-0614:36:34.000000+0000|['XRP']|0|0|0|0|Dear#XRPcommunity,pleasetakeithttps://t.co/gztYDwDgxM
1622605563573178369|1467261163|2023-02-0614:38:07.000000+0000|['Leo','Varisu']|0|0|0|0|BloodySweetğŸ”¥\n\n#Leo#Varisuhttps://t.co/9u6ri2UZ5w
1622605361126547456|408590934|2023-02-0614:37:19.000000+0000|['Bitcoin','BTC','crypto','BTCUSD']|0|0|0|0|4hlookstobelosingmomentum.Bullishoncewegetbackabovethe4Htrend.StochCloseleftthebullishzoneas4Htrendgotlost.Lookingforshortsonbounces.2DATRbaselinemusthold$22310tomaintaintheuptrend.\n\n#Bitcoin$BTC#BTC#crypto$BTCUSD#BTCUSD$cryptohttps://t.co/nHBqcoqxyU
1622605236564119552|179185446|2023-02-0614:36:49.000000+0000|['BONK','Giveaway','CHILI','SOL','memecoins','NFTs','Airdrop','FRONKgiveaway']|0|0|0|0|@Bonk_Killer@hey_wallet@GreatPeopleNFTOmgplsğŸ¥°\n\n$BONK#BONK#Giveaway#CHILI#SOL#memecoins$SOL#NFTs#Airdrop#FRONKgiveaway
1622605616115249152|1622120775099752453|2023-02-0614:38:20.000000+0000|['Bnb']|0|0|0|0|@AirdropUltemate@venom_circle@VenomFoundation@MediaVenomAmazingproject\n#Bnb
1622605147292463104|1170965732009697280|2023-02-0614:36:28.000000+0000|['PancakeSwap','FLOKIM','FLOKIMOONI','DOGE','SHIB']|0|0|0|0|@JumpLineAlerts@FlokiMooniisabouttotakeoffğŸ”¥\n\nâœ…Dapp&amp;NFTP2E\nâ‡ï¸LPlockedwithproof\nâ‡ï¸DOGErewardsforholders\n\nğŸš«NoPresale/Private/Whitelist\nğŸš«NoTeamwallets\nğŸ”¥50%Burn\nğŸ’§50%to#PancakeSwap\n\n#FLOKIM#FLOKIMOONI#DOGE#SHIB
1622605509256794117|202429655|2023-02-0614:37:54.000000+0000|['BTC','bitcoin']|0|0|0|0|#BTC\xa0finallyhitWave5target!!Ok,sothismakesupWave1ofWaveC.WewillnowformanABCcorrectionDOWNforWave2to$16.8kwhichisalsothetopofthedreadedchannel.#bitcoinhttps://t.co/otGoRHtGEP
1622605439463571457|1608457658197065728|2023-02-0614:37:37.000000+0000|['PancakeSwap','FLOKIM','FLOKIMOONI','DOGE','SHIB']|0|0|0|0|@thatdayin1992@FlokiMooniisabouttotakeoffğŸ”¥\n\nâœ…Dapp&amp;NFTP2E\nâ‡ï¸LPlockedwithproof\nâ‡ï¸DOGErewardsforholders\n\nğŸš«NoPresale/Private/Whitelist\nğŸš«NoTeamwallets\nğŸ”¥50%Burn\nğŸ’§50%to#PancakeSwap\n\n#FLOKIM#FLOKIMOONI#DOGE#SHIB
1622607016786296833|3883231259|2023-02-0614:43:54.000000+0000|['VarisuPongalWinner','Leo']|0|0|0|0|Iâ€™mFireproof\nThereâ€™sNothingYouCanDo\nSoRunAway\nâ€˜CauseIâ€™mHereToStay\n\nYouHearMeNow?\nYouDonâ€™tWannaBeMyPrey\nIâ€™llBreakYouDown\nYouWouldnâ€™tLastADay\n\n#VarisuPongalWinner#Leohttps://t.co/5kFyGGCEdL
1622605557256556544|1390960485739073539|2023-02-0614:38:06.000000+0000|['XAI']|0|0|0|0|@LunaClassicHQ#XAIbuynowğŸš€ğŸš€https://t.co/5o4yLljqy2
1622605644799803395|1402255869769814020|2023-02-0614:38:26.000000+0000|['Voltichange','Voltiflex','VOLTINU','CRYPTO','CEX','SHIB','ETH','VOLT','dogearmy','VOLTARMY','shibarmy','Voltisoft','Voltichange','Voltiflex']|0|0|0|0|@RetardsAndDegen@VoltInuOfficial#VoltichangeNOW#VoltiflexNEVERSTOPSDELIVERINGFEELTHEBURN!!!ğŸ”¥ğŸ”¥âš¡ï¸âš¡ï¸\n\n#VOLTINU#CRYPTO@TheGen35\n@BrianDEvans@clarissayorke#CEX#SHIB#ETH@Davinij15#VOLT#dogearmy@Mattwallace888@DezBryant@kris#VOLTARMY#shibarmy#Voltisoft@joeparys#Voltichange#Voltiflexhttps://t.co/6oMvvU0fYt
1622605238283665412|1477603631968968704|2023-02-0614:36:50.000000+0000|['SquidGrow','YearOfTheSquid','PiNetwork','NFTs','BSC','BNB','Binance','BITCOIN','ETH','SGX','1000x','VOLTINU','SHIB','shibainu','Floki','BABYDOGE']|0|0|0|0|@Krypto_Luminous@100xAltcoinGems@MikeSMillerArt@Shibtoshi_SG#SquidGrowğŸ¦‘ğŸ¦‘ğŸ¦‘ğŸ¦‘â¤ï¸ğŸ”¥ğŸ”¥ğŸ”¥ğŸš€#YearOfTheSquid@Shibtoshi_SGCEO@Squid_GrowğŸ”¥ğŸš€@AreDub2#PiNetwork#NFTs#BSC#BNB#Binance#BITCOIN#ETHBridge#SGX#1000x#VOLTINU#SHIB#shibainu#Floki#BABYDOGE@elonmuskhttps://t.co/d5ekeue1mt
1622605450922594305|1240896843174662145|2023-02-0614:37:40.000000+0000|['Digicom','DCOM','blockchain','cryptocurrency','technology','bitcoin','money','crypto','Binance','BNB','cryptocurrencies','fintech']|0|0|0|0|https://t.co/YzOsPJsog7DIGICOMBRINGSNUMEROUSBENEFITSWHENCOMPAREDTOTRADITIONALFINANCIALSERVICES.@digicomfinanceDigicom#Digicom#DCOM#blockchain#cryptocurrency#technology#bitcoin#money#crypto#Binance#BNB#cryptocurrencies#fintech
1622605455670534149|1523126536693374976|2023-02-0614:37:41.000000+0000|['tickrAI','ETH']|0|0|0|0|@pepe_linnn@RobinhoodAppThefutureofcryptoisherewith$TICKR@tickrtech.Usingrealdata&amp;analyticstodetecttrends&amp;scams.StakeforETHrewards!#tickrAI#ETH$INNIT
1622606986318602240|1622173614064959488|2023-02-0614:43:46.000000+0000|['PancakeSwap','FLOKIM','FLOKIMOONI','DOGE','SHIB']|0|0|0|0|@Missatoshi_girl@chocolate2_nft@nftcfrance@nftshoweurope@FlokiMooniisabouttotakeoffğŸ”¥\n\nâœ…Dapp&amp;NFTP2E\nâ‡ï¸LPlockedwithproof\nâ‡ï¸DOGErewardsforholders\n\nğŸš«NoPresale/Private/Whitelist\nğŸš«NoTeamwallets\nğŸ”¥50%Burn\nğŸ’§50%to#PancakeSwap\n\n#FLOKIM#FLOKIMOONI#DOGE#SHIB
1622605161117159426|2900191320|2023-02-0614:36:31.000000+0000|['Radix','XRD']|0|0|0|0|@EthereumDenverYes#Radixiscool#XRD
1622605443078946816|1488497685241942017|2023-02-0614:37:38.000000+0000|['Bullrun','Shiba','Doge','ShibaDoge']|0|0|0|0|@Crypto__emilyHopeYouâ€™llhaveagreatweekandthemarketwillstaygreen.Iâ€™mloadingupbefore#Bullrun\n\nMissed#ShibaMissed#Doge\nDonâ€™tmiss#ShibaDoge&amp;$BURN\n\nFollow@RealshibadogeandjoinTG:https://t.co/WygsmQcOsahttps://t.co/AuDoG5sepB
1622605636415672327|1374546259415949319|2023-02-0614:38:24.000000+0000|['Bitcoin','Airdrop','Hashtagger']|0|0|0|0|Readyforfighting,it'samust!.#Bitcoin#Airdrop#Hashtagger$BTChttps://t.co/lruvOWK1P3
1622605446782615558|470340089|2023-02-0614:37:39.000000+0000|['ETH']|0|0|0|0|@CryptoJelleNLABeautifulYearly-Quarterly-MontlyStopMapfor#ETHhttps://t.co/Q3huESGosM
1622605250912813056|1611664970650976256|2023-02-0614:36:53.000000+0000|['tinytesla','btc','blockchain','crypto']|0|0|0|0|@CryptoThroGooddaygemlovers,haveyougotaminutetocheckthisbullishBSCprojectTinyteslainternationalImrockingwith?Meanwhileournext100xiscloserthanyouthinkbuy&amp;hodl$TINTnowhurry\n\nhttps://t.co/XUim1OrWcf\nhttps://t.co/9M3xJPf2KSâ€¦\n#tinytesla#btc#blockchain#cryptohttps://t.co/zC2SM0BeX7
1622605152325709824|1621978147087425536|2023-02-0614:36:29.000000+0000|['sp500','nas100','btc','trading','scalping']|0|0|0|0|onlyin3mins\n#sp500#nas100#btc\n#trading#scalpinghttps://t.co/LBaNoULC92
1622605328159240196|1548310862019973124|2023-02-0614:37:11.000000+0000|['PancakeSwap','FLOKIM','FLOKIMOONI','DOGE','SHIB']|0|0|0|0|@waxnear@FlokiMooniisabouttotakeoffğŸ”¥\n\nâœ…Dapp&amp;NFTP2E\nâ‡ï¸LPlockedwithproof\nâ‡ï¸DOGErewardsforholders\n\nğŸš«NoPresale/Private/Whitelist\nğŸš«NoTeamwallets\nğŸ”¥50%Burn\nğŸ’§50%to#PancakeSwap\n\n#FLOKIM#FLOKIMOONI#DOGE#SHIB
1622605225201700864|1261328014954151936|2023-02-0614:36:46.000000+0000|['NFT','ETH','NFTGiveaway','NFTCommunity']|0|0|0|0|@fmb_giveaway@Smugbunny_WLGiveawayofFlappyMoonbird.ImtoojoinandverywantwinWLThisCollections.\n@roonyzii\n@Kasmilan5\n@Codexnfts\n#NFT#ETH#NFTGiveaway#NFTCommunity
1622605635421347840|1464518075869507586|2023-02-0614:38:24.000000+0000|['tcg','imx','NFTs']|0|0|0|0|Justgotan@AradenaWarriorGenesisCardPack!\n\nTweetingthistogetafreeone,prayingforaThronePackğŸ™\n#tcg#imx#NFTs
1622605436737228805|1604203526502191104|2023-02-0614:37:37.000000+0000|['ftm','gay','trans','nonbinary','nsfw','transporn','transguy','transmasc']|0|0|0|0|anotherselfportraitğŸ˜˜postingtherealpic(plusafewmorefromthislittleshoot)onOF,linkinbioğŸ˜ˆ\n#ftm#gay#trans#nonbinary#nsfw#transporn#transguy#transmaschttps://t.co/jWGXDcF4CI
1622606946506244096|1422654975117697026|2023-02-0614:43:37.000000+0000|['REEF','USDT']|0|0|0|0|Youcanâ€™tgobroketakingprofitsandpayingyourself\n\nBinanceFutures\n#REEF/#USDTTake-Profittarget2âœ…\nProfit:18.583%ğŸ“ˆ\nPeriod:7Hours38Minutesâ°
1622605387928326152|1428059670552334342|2023-02-0614:37:25.000000+0000|['REP','REP','SHIB','XRP','STRK','LSK','ARK','PLA','WAXP','ETC','STRAX','BORA','KNC','ETH','GAS','TFUEL','STORJ','ZIL','BAT','IQ','SAND','STX','CRE','HUN']|0|0|0|0|ğŸ’£#REPand73Others,ğŸŸ¢58ğŸ”´16\n\nğŸ‡°ğŸ‡·130.05ì–µì›\nğŸ‡ºğŸ‡¸$11,128,084\nğŸ‡¯ğŸ‡µÂ¥1,222,290,443\nğŸ‡ªğŸ‡ºâ‚¬9,418,576\nğŸ‡¨ğŸ‡³71,839,862å…ƒ\n\nğŸ‰UpflowvolumeNow,Upbit(Korea)\n#REP#SHIB#XRP#STRK#LSK#ARK#PLA#WAXP#ETC#STRAX#BORA#KNC#ETH#GAS#TFUEL#STORJ#ZIL#BAT#IQ#SAND#STX#CRE#HUNhttps://t.co/iKwfAhiE46
1622605338162724870|1199415518953910278|2023-02-0614:37:13.000000+0000|['lunc','binance']|0|0|0|0|#lunclike#binancehttps://t.co/cLK0Cwfr2w
1622607016207478784|2283252811|2023-02-0614:43:53.000000+0000|['burntitiburn','TitiArmy','TITI']|0|0|0|0|@Martinisalvator@coinbaseCheckout@Titi_Financial\nValuableNftairdropthisweek\nJanuary31-February21.Anniversarybuild-upbigtimeframefor$TITI\nJan28:TitiFinancial'sfirstsizableburnatlesser20%ofTiti'ssupplywillbeburned\n#burntitiburn#TitiArmy#TITI\n\nhttps://t.co/zK0PvKvCkS
1622605533537763329|1400497096873058306|2023-02-0614:38:00.000000+0000|['Airdrops','gleam','fairlaunch','rewards','100xgem','BSC','bscgem','BNBChain','BNB','xrp','100x','1000x','100xCoin','blockchain','web3','DeFi','META','Metaverso','nfts','memecoins','Crypto']|0|0|0|0|Ihavejoined@BusdSuperHerotogetan#Airdropson#gleam\n\nğŸš‡#fairlaunch9February\nâ­18%of#rewards\nğŸ—£ï¸#100xgemforsure\n\n#BSC#bscgem#BNBChain#BNB#xrp#100x#1000x#100xCoin#blockchain#web3#DeFi#META#Metaverso#nfts#memecoins#Cryptohttps://t.co/RAZvnXTDew
1622605644401369090|1176349037412397056|2023-02-0614:38:26.000000+0000|['USHI','GEM','GEMTOKEN','1000x','MEMETOKEN','DEFI','NFTs']|0|0|0|0|@USHI_ETH@tonymoontanaeth@JakeGagain@ianheinischmma@iambrootsUSHIğŸš€ğŸ’ªâ¤ï¸!!!\n#USHI#GEM#GEMTOKEN#1000x#MEMETOKEN#DEFI#NFTs
1622605532283666433|1619674259756060672|2023-02-0614:38:00.000000+0000|['BSC','Polygon','ETH','CRO']|0|0|0|0|@shibas_tokencentralizedcrowdfundingsystemsarenomore,andwelcometo\n@SidekickFinance\nwithJumpStart!Ourcross-chainplatformmakesitpossibletoraisemoneyforyour#BSC#Polygon#ETH#CROinitiativesinasafeandsecuremanner.
1622605534556835845|1607333196441477120|2023-02-0614:38:00.000000+0000|['BTC']|0|0|0|0|#BTCtransfer||4,677.553BTC(107,494,850USD)||from:unknown-to:unknown
1622605249532817408|1548310862019973124|2023-02-0614:36:52.000000+0000|['PancakeSwap','FLOKIM','FLOKIMOONI','DOGE','SHIB']|0|0|0|0|@100xAltcoinGems@FlokiMooniisabouttotakeoffğŸ”¥\n\nâœ…Dapp&amp;NFTP2E\nâ‡ï¸LPlockedwithproof\nâ‡ï¸DOGErewardsforholders\n\nğŸš«NoPresale/Private/Whitelist\nğŸš«NoTeamwallets\nğŸ”¥50%Burn\nğŸ’§50%to#PancakeSwap\n\n#FLOKIM#FLOKIMOONI#DOGE#SHIB
1622605203110531073|1592345056525971457|2023-02-0614:36:41.000000+0000|['ETH','BSC','MATIC','CRO']|0|0|0|0|@AsiaAdeptYoucouldcheckout@SidekickFinance,definetelyworthyourtime.SideKickisacommunitydriven,fairlaunchedcross-chainDeFiproject.Decentralizedanalytics.NFTCrowdfunding.#ETH#BSC#MATIC#CRO
1622605397424246788|1387595890110582785|2023-02-0614:37:27.000000+0000|['Doge']|0|0|0|0|Itâ€™sMonstrousMonday#Dogewillfixthis!https://t.co/4tjm33duO1
1622606949861756928|1546364668503298048|2023-02-0614:43:38.000000+0000|['BinanceCoin','BNB','Bitcoin','Ethereum','altcoin','crypto','cryptocurrency']|0|0|0|0|#BinanceCoinpriceupdate:$BNB\n\n#BNB$327.09USD\n\n#Bitcoin0.01433BTC\n\n#Ethereum0.20097ETH\n\n#altcoin#crypto#cryptocurrency\n\nFollowforrecentBNBpriceupdates
1622605307569491968|1563298799702851584|2023-02-0614:37:06.000000+0000|['Rollbit','Rewards','Crypto','Giveaway','BTC','ETH']|0|0|0|0|@RollbitRewardsThankhellogreatgiveaway\n\n#Rollbit|#Rewards|#Crypto|#Giveaway|#BTCâ€¯â€¯â€¯|#ETHhttps://t.co/BMXRYAmXy0
1622605417896452098|1356100076452663297|2023-02-0614:37:32.000000+0000|['AMC','APE']|0|0|0|0|#AMC#APEcurrentlyhttps://t.co/RLcCOCeYPv
1622605540579737604|1379865634817802240|2023-02-0614:38:02.000000+0000|['FTM','Mina']|0|0|0|0|â™¨ï¸â™¨ï¸â™¨ï¸SHORTâ™¨ï¸â™¨ï¸â™¨ï¸\n#FTM\nğŸ›‘EntryPrice=0.5501\nğŸ›‘high-qualitysignal=â˜ï¸telegramchannel\nâ›”ï¸StopLoss=â˜ï¸telegramchannel\nâ˜ï¸LINKINBIO\nâŒ›2023-02-06T14:38:00Z\n$HOT#Mina$ICP$DASH
1622605254280810496|1574334663400751106|2023-02-0614:36:53.000000+0000|['HACKED','systemdown','unknownuser','accessdenied','coinbase','Bitcoin','BTC','BitcoinCash','BCH','Ripple','XRP','Monero','XMR']|0|0|0|0|I'dliketointroduceyoutoafreeonlineautomatedsystemforfilingcomplaints.\n\nSendmeamessage;I'malwaysupforwork.\n#HACKED#systemdown#unknownuser#accessdenied#coinbase\n#Bitcoin\xa0\xa0â€¯â€¯â€¯â€¯â€¯â€¯#BTC\xa0\xa0â€¯â€¯â€¯â€¯â€¯â€¯#BitcoinCash#BCH#Ripple#XRP#Monero#XMR
1622605626802319361|1192290324657238016|2023-02-0614:38:22.000000+0000|['Metacoms','Metaverse_APP','Metaverse','blockchian','crypto','BNB','cryptolife','BUSD','BSC','digitalassets','Gaming','BinanceSmartChain']|0|0|0|0|#Metacoms$METAC#Metaverse_APP#Metaverse#blockchian#crypto#BNB#cryptolife#BUSD#BSC#digitalassets#Gaming#BinanceSmartChain\nVisitnow.youcanseethegoodopportunity.ifyoujoinandinvesthere.youcangetgoodprofit.so,don'tmissit.
1622605352431718401|1622175747954597890|2023-02-0614:37:17.000000+0000|['Shibereum','ShibaInu','SHIB','Shiba','Shibarium','ETH']|0|0|0|0|@BSCGemsAlert@binanceBigthingsarecominguptooin#Shibereum\n\nâœ…Launch\nâœ…0tax\nâœ…Mevfree\nâœ…Hit1mmctwice\nâœ…Doheavybuybacks&amp;Burns\nâœ…70kUSDBuybacks\nâœ…AiArtGenerationbotlive\nâœ…2k+tgmembers\nâœ…Renouncedca\nâœ…Lpburnt\n\n@ShibereumAi\n\n#ShibaInu#SHIB#Shiba#Shibarium#ETH
1622605637757636609|1260159041705259008|2023-02-0614:38:25.000000+0000|['Ethereum','ETH','cryptocurrencies']|0|0|0|0|#EthereumFearandGreedIndexiscurrently59-MILDGREED\n\n24htechnicalanalysisindex:47-HOLD\nRelativeStrengthIndex:52\nCurrent#ETHpriceis1631.6014820676367usd\n\nLiveanalysisfor$ETHandothertop100#cryptocurrencieshttps://t.co/6Vo7WuTRdy
1622605267098640391|1608457658197065728|2023-02-0614:36:56.000000+0000|['PancakeSwap','FLOKIM','FLOKIMOONI','DOGE','SHIB']|0|0|0|0|@DaCryptoGeneral@FlokiMooniisabouttotakeoffğŸ”¥\n\nâœ…Dapp&amp;NFTP2E\nâ‡ï¸LPlockedwithproof\nâ‡ï¸DOGErewardsforholders\n\nğŸš«NoPresale/Private/Whitelist\nğŸš«NoTeamwallets\nğŸ”¥50%Burn\nğŸ’§50%to#PancakeSwap\n\n#FLOKIM#FLOKIMOONI#DOGE#SHIB
1622605432484401152|1136625485356474368|2023-02-0614:37:36.000000+0000|['Governments','CryptoRegulations','Webumarketing','cryptocurrency']|0|0|1|0|4/10:ğŸ’¡#Governmentsaretakingthebullbythehornswithupcoming#CryptoRegulations.\n\nâ€¢India,Philippines,HK,&amp;UKhaveallannounceddetailstoregulatethecryptoindustry.\n\nStayaheadofthegamewith#Webumarketing'sexpertanalysis.#cryptocurrency
1622606930740154369|1468649240930906115|2023-02-0614:43:33.000000+0000|['AK62','Leo','ThalapathyVijayğ“ƒµ','VarisuHits300Crs']|0|0|0|0|Iwillnotbewheremyfriendishumiliated.Anirudhrelievehimselffrom#AK62,confirmsthathewillnotcomposemusicforAjith'sfilmsinfuture..\n\n#Leo\n#ThalapathyVijayğ“ƒµ\n#VarisuHits300Crs
1622605219681935360|104525133|2023-02-0614:36:45.000000+0000|['mushmon','sol','nft','NFTCommunity']|0|0|0|0|@AltGemHunterBullishlong-termNFTproject#mushmonlaunchingsoon.AbsolutelyinsaneandbeautifulartfollowedupwithacommunitygrantfocusedonsupportingSolanadevelopers.Follow\n@ImMoonbound\nforupdatesandjoinTG.https://t.co/pNMPe92qYD#sol#nft#NFTCommunity
1622605470182645761|554175470|2023-02-0614:37:45.000000+0000|['FTM']|0|0|0|0|#FTMrejectedfromthemajorresistanceof$0.65-$0.66areaonthedailychart.Wewillseearetestofthesupportofthe$0.50levelnow.Youcanplaceyourordersnearthesupportareafornewentries.https://t.co/rciS3T2NlR
1622605431926300675|1140969140150296576|2023-02-0614:37:36.000000+0000|['cryptocurrency','bitcoin','crypto','blockchain','ethereum','btc','forex','money','trading','investment','bitcoinmining','cryptotrading','cryptonews','investing','bitcoins','business','bitcoinnews','cryptocurrencies']|0|0|0|0|Btcsell\nEntry22882\nTp21600\nSl23768\n#cryptocurrency#bitcoinâ€¯â€¯â€¯â€¯â€¯â€¯#crypto#blockchain#ethereum#btcâ€¯â€¯â€¯â€¯â€¯â€¯#forex#money#trading#investment#bitcoinmining#cryptotrading#cryptonews#investing#bitcoins#business#bitcoinnews#cryptocurrencieshttps://t.co/JOl64fHLhz
1622605427371556864|1439471428844228609|2023-02-0614:37:35.000000+0000|['Web3','Ape','Gem','Metaverse']|0|0|0|0|@yourcryptodjDon'tmissedtogetyourApeinvitesnowbeforeitstoolate,thereareonly30,976apedomaincanevermintedğŸ”¥Signupforwaitlistherehttps://t.co/Yzc6FY2J2Atogetyourinvites.\n\n#Web3#Ape#Gem#Metaverse\n\nhttps://t.co/9cSzv5yrsJ
1622605303589240833|2401119680|2023-02-0614:37:05.000000+0000|['XRP']|0|0|0|0|Dear#XRPcommunity,pleasetakeithttps://t.co/Q49cVCL0pe
1622606940642631682|1554816399385759744|2023-02-0614:43:35.000000+0000|['cryptocurrency','price','MEXC','CHE','OAS','RPL','XEN','NMR','crypto','cryptonews','cryptoAlerts','blockchain','cryptotrading','cryptoprices']|0|0|0|0|Top5#cryptocurrency#pricejumpsinlastminuteon#MEXC\rğŸ‘‰https://t.co/AdJlZWUXsw\r$CHE2.17%\r$OAS0.7%\r$RPL0.49%\r$XEN0.48%\r$NMR0.45%\r#CHE#OAS#RPL#XEN#NMR#crypto#cryptonews#cryptoAlerts#blockchain#cryptotrading#cryptoprices
1622605218218233859|1621939356012347392|2023-02-0614:36:45.000000+0000|['bullish']|0|0|0|0|@LizardVC_Woah,thismakeme#bullish.Idonâ€™tknowmanytoinvite,butdefinitelydohavetoaskwendiscord?TimetoseeifDavidIckeâ€™stheoriesapplytotheYootsforallweknowhaha
1622605503372357632|1607600172623884288|2023-02-0614:37:53.000000+0000|['cz','Vcash','bsc']|0|0|0|0|@ElleHaig@WhaleEverythingVCASHSOFTCAPHASBEENFILLED\n\nVcashisadigitalcurrencyorcryptocurrencythatâ€™sdesignedtobeusedaselectroniccash.Updatedwiththerevolutionaryprivacyprotocol,ensuringcompleteanonymity,scalabilityandfungibility\nhttps://t.co/l34Kedxo03\n#cz#Vcash#bsc\n2937
1622605236127891456|1625089782|2023-02-0614:36:49.000000+0000|['SIGNAL']|0|0|0|0|@FoxCryptoBSCWinEveryTrade,\nWith100%profitstradingbinancefutures(crypto)withourdaily#SIGNALğŸ“ˆğŸ“ŠğŸ’¯\nClickonthelinkbelowtojoinfreetelegramchannel.\nhttps://t.co/irUEwa3EgG
1622605488826503170|1439471428844228609|2023-02-0614:37:49.000000+0000|['Web3','Ape','Gem','Metaverse']|0|0|0|0|@AltcoinWorldcomDon'tmissedtogetyourApeinvitesnowbeforeitstoolate,thereareonly30,976apedomaincanevermintedğŸ”¥Signupforwaitlistherehttps://t.co/Yzc6FY2J2Atogetyourinvites.\n\n#Web3#Ape#Gem#Metaverse\n\nhttps://t.co/9cSzv5yrsJ
1622606940865019907|1227223316194365441|2023-02-0614:43:35.000000+0000|['BTC','ETH','XRP','cryptocurrency']|0|0|0|0|Europeansession:updatecryptotopten||6/2/2023(UTCRome)#BTC#ETH#XRP#cryptocurrencyhttps://t.co/EkNxaDyEeU
1622605248928817152|150480934|2023-02-0614:36:52.000000+0000|['XRP']|0|0|0|0|Liftoff!MOON!#XRPhttps://t.co/PMM9Gb0vMx
1622605588684234753|1582992636507742208|2023-02-0614:38:13.000000+0000|['bitcoin','btc']|0|0|1|0|1â‚¿=$22936-1.18%ğŸ”»\n\nDetails:\nChange:ğŸ”»-274.56$\n24HLow=$22739ğŸ”»\n24HHigh=$23211ğŸ’¹\n\n#bitcoin#btc
1622605263113973760|168068444|2023-02-0614:36:55.000000+0000|['phone','Website','elderly','mum','WorcestershireHour']|0|0|0|0|@NHS_HWit'sashamethatdespitecontactingtheabovevia#phone&amp;their#Website,theystillhaven'tfoundthetimetocallme&amp;discusstheappallinglevelofcaremy#elderly#mumisreceiving.#WorcestershireHour@WalkerWorcester@bbchw@TomNewittFree
1622605352079425537|1569120919356084225|2023-02-0614:37:17.000000+0000|['BTC','BTC','crypto','whale','alert','coinscreener']|0|0|0|0|$408.97k#BTClongedat$22877.1(USDT)onBinanceUSDâ“ˆ-M.\n\n#BTC$BTC#crypto#whale#alert#coinscreener\nForreal-timeWhaleinsightsğŸ‘‰https://t.co/sNSATXoyuQ
1622605591255592963|1492386394484150272|2023-02-0614:38:14.000000+0000|['NFT','NFTs','NFTartwork','NFTarts','OpenSeaNFT','ETH','Art','Web3','Web3Names']|0|0|0|0|@L30x6@Buster_NftGmboss\n\nğŸ™ğŸ½VisitMyProfile\nâœ‰ï¸Share,Retweet,Support\nğŸ”¥Makemy#NFTartsold\nğŸ’NewProjectWillriseupğŸš€\nğŸ”¥Grabitnow.\nğŸ’MakeAnyOffer.\nğŸ‘€Accordingtoyourrating.\n\n#NFTs#NFTartwork#NFTarts#OpenSeaNFT#ETH#Art#Web3#Web3Names\n\nhttps://t.co/cEZBfTy2ka
1622605431859462144|2900191320|2023-02-0614:37:36.000000+0000|['Radix','XRD']|0|0|0|0|@KeralaBlasters@IamSanjuSamsonYecomeon#Radix#XRD
1622606929410531333|1491793245810360326|2023-02-0614:43:33.000000+0000|['NFT','BNB','BSC','SIDEKICKFINANCE','CROWDFUND','JUMPSTART']|0|0|0|0|@Jiiraa_Ji@SeiNetworkSidekickFinanceisdoinggreatandlegit\n#NFT#BNB#BSC#SIDEKICKFINANCE#CROWDFUND#JUMPSTART
1622606975757418498|1620890527771107328|2023-02-0614:43:44.000000+0000|['FLOV','ValentineFloki','Valentine','Floki','BSC','crypto','BNB','ElonMusk','Floki','100xgem','100x']|0|0|0|0|@Solana_ReaperValentineiscoming!!!â™¥ï¸\nPrepareyourselvesforanexplosiveweekğŸš€ğŸš€\n\nJoinourcommunity:\nhttps://t.co/faYsjvbXtb\n\n#FLOV#ValentineFloki#Valentine#Floki#BSC#crypto#BNB#ElonMusk#Floki#100xgem#100x
1622605494127828992|1488497685241942017|2023-02-0614:37:51.000000+0000|['Bullrun','Shiba','Doge','ShibaDoge']|0|0|0|0|@sofizamoloHopeYouâ€™llhaveagreatweekandthemarketwillstaygreen.Iâ€™mloadingupbefore#Bullrun\n\nMissed#ShibaMissed#Doge\nDonâ€™tmiss#ShibaDoge&amp;$BURN\n\nFollow@RealshibadogeandjoinTG:https://t.co/WygsmQcOsahttps://t.co/1ySkaOsAFV
1622605356567339008|1488497685241942017|2023-02-0614:37:18.000000+0000|['Bullrun','Shiba','Doge','ShibaDoge']|0|0|0|0|@MrBigWhaleREALHopeYouâ€™llhaveagreatweekandthemarketwillstaygreen.Iâ€™mloadingupbefore#Bullrun\n\nMissed#ShibaMissed#Doge\nDonâ€™tmiss#ShibaDoge&amp;$BURN\n\nFollow@RealshibadogeandjoinTG:https://t.co/WygsmQcOsahttps://t.co/QFpxVMUjkp
1622605639892467717|1608457658197065728|2023-02-0614:38:25.000000+0000|['PancakeSwap','FLOKIM','FLOKIMOONI','DOGE','SHIB']|0|0|0|0|@100xAltcoinGems@FlokiMooniisabouttotakeoffğŸ”¥\n\nâœ…Dapp&amp;NFTP2E\nâ‡ï¸LPlockedwithproof\nâ‡ï¸DOGErewardsforholders\n\nğŸš«NoPresale/Private/Whitelist\nğŸš«NoTeamwallets\nğŸ”¥50%Burn\nğŸ’§50%to#PancakeSwap\n\n#FLOKIM#FLOKIMOONI#DOGE#SHIB
1622605330688483330|1512795715831013379|2023-02-0614:37:12.000000+0000|['SHIBA','AISHIBA','SHIBARMY','VOLT','ETH','SHIBARIUM','VOLTICHANGE','1000xgem','100xgem']|0|0|0|0|@cryptoNerd7788@1goonrichWEAT$AISHIBOWNTHEFLOORPLUSWEEARN5%rewardsin$SHIBA\n#SHIBA#AISHIBA#SHIBARMY#VOLT#ETH$AISHIB$SHIB$DOGE$VOLT#SHIBARIUM#VOLTICHANGE#1000xgem#100xgem\n\nhttps://t.co/jhQmoHUlp0
1622605373994672131|1618917598774558723|2023-02-0614:37:22.000000+0000|['FLOV','ValentineFloki','Valentine','Floki','BSC','crypto','BNB','ElonMusk','Floki','100xgem','100x']|0|0|0|0|@bitcoincryptonlValentineiscoming!!!â™¥ï¸\nPrepareyourselvesforanexplosiveweekğŸš€ğŸš€\n\nJoinourcommunity:\nhttps://t.co/yjQftSXVOz\n\n#FLOV#ValentineFloki#Valentine#Floki#BSC#crypto#BNB#ElonMusk#Floki#100xgem#100x
1622605162182328321|1622563739089215489|2023-02-0614:36:31.000000+0000|['PunkAIEth','punkai','Ethereum','ETH','Uniswap']|0|0|0|0|@crypto_sophia8@Jabroni121@PunkAIERC@PunkAIERCtotheMoon!!!!\n#PunkAIEth#punkai#Ethereum#ETH#Uniswaphttps://t.co/H4eMI4t0I0
1622606922758373376|80052828|2023-02-0614:43:31.000000+0000|['metaruffy']|0|0|0|0|@LorantDlr@kingfinance273\n\nJointheTgbeforethisOGTOKENGOESCRAZY!\n\nBIGANNOUNCEMENTS\n\nHUGEMARKETINGPLANNED\n\nTHISOGTOKENISREADYFORTHEBULLAREYOU?!$MR#metaruffy\n\nFindonDextools:https://t.co/Lv4g1TP22B\nTg:https://t.co/oGSvQZoTRn
1622605256160075776|1264448654212919296|2023-02-0614:36:54.000000+0000|['Bitcoin','BTC','prediction','Binance']|0|0|0|0|BITCOINPRICEPREDICTION\n\nPRICE:RISEâ¤´in60min.\nBUY0.219BTCfor$22,852.56apieceonBinance\nTargetprice:$23,309.61\nAmount:$5,005\n\n#Bitcoin#BTC#prediction#Binance\nhttps://t.co/gC32Ueifoo\nHereistoday'saccumulatedprofitshttps://t.co/LT8rHA7rIB
1622605435898327041|1448337083085492234|2023-02-0614:37:37.000000+0000|['NFTs','NFT','nftart','ensdomain','nftdrop','nftshill','nftcollector','nftcollectors','nftcommunity','coinbasenft','meta','ens','ensereum','opensea','withFND','foundation','FND','art']|0|0|0|0|ğŸš¨ShowCollectorsyour#NFTs\n\nğŸ‘‡Dropan#NFTbelowand:\n\nâ¡ï¸Follow@NFT_C0LLECT0RS\nğŸ”RTpinned(ğŸGiveaway)\n\n#nftart#ensdomain#nftdrop#nftshill#nftcollector#nftcollectors#nftcommunity#coinbasenft#meta#ens#ensereum#opensea#withFND#foundation#FND#art
1622607000742887428|1422654975117697026|2023-02-0614:43:50.000000+0000|['SUSHI','USDT']|0|0|0|0|Whereisthefuckingthirdtarget?\n\nBinanceFutures\n#SUSHI/#USDTTake-Profittarget2âœ…\nProfit:75.4717%ğŸ“ˆ\nPeriod:3Hours18Minutesâ°
1622605351202746371|1352736574203686923|2023-02-0614:37:16.000000+0000|['xrp','XRPArmy','blockchain','DLT','iov']|0|0|0|0|Letmeguess,@JoelKatzdoesnâ€™tknowwhatheistalkingabouteither.Insteadletâ€™sfollowtheinconsistenciesofthenotsoconfidencialcommitteemadeofYouTuberswithoutmuchknowledgeonthisindustry.#xrp#XRPArmy#blockchain#DLT#iovhttps://t.co/w4iF3j4nr1
1622605258781347842|821687708451938304|2023-02-0614:36:54.000000+0000|['tcg','imx','NFTs']|0|0|0|0|Justgotan@AradenaWarriorGenesisCardPack!\n\nTweetingthistogetafreeone,prayingforaThronePackğŸ™\n#tcg#imx#NFTs
1622605451182440449|1477603631968968704|2023-02-0614:37:40.000000+0000|['SquidGrow','YearOfTheSquid','PiNetwork','NFTs','BSC','BNB','Binance','BITCOIN','ETH','SGX','1000x','VOLTINU','SHIB','shibainu','Floki','BABYDOGE']|0|0|0|0|@IGDEFI1@Crypto__emily@YouTube#SquidGrowğŸ¦‘ğŸ¦‘ğŸ¦‘ğŸ¦‘â¤ï¸ğŸ”¥ğŸ”¥ğŸ”¥ğŸš€#YearOfTheSquid@Shibtoshi_SGCEO@Squid_GrowğŸ”¥ğŸš€@AreDub2#PiNetwork#NFTs#BSC#BNB#Binance#BITCOIN#ETHBridge#SGX#1000x#VOLTINU#SHIB#shibainu#Floki#BABYDOGE@elonmuskhttps://t.co/pE9PYxxvEN
1622605306378457088|1017428613358972928|2023-02-0614:37:06.000000+0000|['VOLT','SHIB','Babydoge','Doge']|0|0|0|0|#VOLTfollowing#SHIBpathasitjustkilledazeroâš¡\n\n$10,000,000+burnandnewblockchainincomingğŸ”¥\n\nThenextbigmemecoinonETHandBSCğŸ‘€ğŸš€\n\n#Babydoge#Doge
1622605377769705475|1492386394484150272|2023-02-0614:37:23.000000+0000|['NFT','NFTs','NFTartwork','NFTarts','OpenSeaNFT','ETH','Art','Web3','Web3Names']|0|0|0|0|@VultureGMIğŸ™ğŸ½VisitMyProfile\nâœ‰ï¸Share,Retweet,Support\nğŸ”¥Makemy#NFTartsold\nğŸ’NewProjectWillriseupğŸš€\nğŸ”¥Grabitnow.\nğŸ’MakeAnyOffer.\nğŸ‘€Accordingtoyourrating.\n\n#NFTs#NFTartwork#NFTarts#OpenSeaNFT#ETH#Art#Web3#Web3Names\n\nhttps://t.co/cEZBfTy2ka
1622605590336880640|1622540157344788483|2023-02-0614:38:13.000000+0000|['altcoin','Altcoins','memecoin','Metaverse','BNB','ETH','AVAX','BTC','XRP','AltCoinSeason']|0|0|0|129|RT@timsalvatto:Droppmeyourfavorite#altcoin!ğŸ‘€\n\n#Altcoins#memecoin#Metaverse#BNBâ€¯â€¯â€¯#ETH#AVAXâ€¯â€¯â€¯#BTCâ€¯â€¯â€¯#XRP#AltCoinSeason
1622605522095464450|1512795715831013379|2023-02-0614:37:57.000000+0000|['SHIBA','AISHIBA','SHIBARMY','VOLT','ETH','SHIBARIUM','VOLTICHANGE','1000xgem','100xgem']|0|0|0|0|@ToineQC12@MrBigWhaleREALWEAT$AISHIBOWNTHEFLOORPLUSWEEARN5%rewardsin$SHIBA\n#SHIBA#AISHIBA#SHIBARMY#VOLT#ETH$AISHIB$SHIB$DOGE$VOLT#SHIBARIUM#VOLTICHANGE#1000xgem#100xgem\n\nhttps://t.co/jhQmoHUlp0
1622605187776118785|1619674259756060672|2023-02-0614:36:37.000000+0000|['BSC','Polygon','ETH','CRO']|0|0|0|0|@LTcrypto_man@SidekickFinance'sJumpStart!Ourcross-chainplatformallowsforsafeandsecurefundraisingforaprojectson#BSC#Polygon#ETH#CRO\xa0\nTakealookourNFTcrowdfundinghere\nhttps://t.co/9Z0FiyaEYF
1622606927644483585|838458451273592834|2023-02-0614:43:32.000000+0000|['XRP']|0|0|0|0|Lovemeorhateme!#XRPhttps://t.co/AlAOuq7cBM
1622606921420140544|1616059414368161795|2023-02-0614:43:31.000000+0000|['AI','AR','tools','art','creativity']|0|0|0|0|AIREALITY\n\nAtooltogenerateAR(augmentedreality)fromtext.\n\nTheyuse"StableDiffusionandOpenAItogenerateanARexperienceinafewseconds"\n\n#AI#AR#tools#art#creativity\n\nhttps://t.co/AxAcp28uCChttps://t.co/VZZWnn3Heh
1622605317795368960|1105864595590148097|2023-02-0614:37:08.000000+0000|['SHIB','Shibarium','SHIB']|0|0|0|0|WhenyoufocusonpossibilitiesyouWILLhavemoreopportunities.\n\n$SHIBwillbecomemegadeflationaryâ€¼ï¸\n\n#SHIBto$1ispossibleâ€¼ï¸\n\n#Shibariumwillgonnaburn$SHIBwitheverytransaction.Wearetalkingoftrillionsof#SHIBbeingburnedandtakenoutofcirculationforever.https://t.co/jNXaQk3c9Z
1622605666388164608|1439471428844228609|2023-02-0614:38:32.000000+0000|['Web3','Ape','Gem','Metaverse']|0|0|0|0|@MrBigWhaleREALDon'tmissedtogetyourApeinvitesnowbeforeitstoolate,thereareonly30,976apedomaincanevermintedğŸ”¥Signupforwaitlistherehttps://t.co/Yzc6FY2J2Atogetyourinvites.\n\n#Web3#Ape#Gem#Metaverse\n\nhttps://t.co/9cSzv5yrsJ
1622605596590583813|1521783637062164482|2023-02-0614:38:15.000000+0000|['NFT','NFTCommunity']|0|0|0|0|GreatcollectionğŸ”¥ğŸ”¥ğŸ¤©\n\n#NFT#NFTCommunityhttps://t.co/03J1uqZDLQ
1622605254847000577|1415883360950444043|2023-02-0614:36:53.000000+0000|['MEXC']|0|0|0|0|@CoreDao3_OrgCoreDAOhasabout11millionregisteredusers,morethan6millionusershavealreadyminedtokens,and1.6milliondailyactiveusers,thisismassiveandI'mdefinitelydepositingmy$COREon#MEXCaftertheairdropandqualifytopartakeina20,000USDTpool.
1622605342650540032|104525133|2023-02-0614:37:14.000000+0000|['mushmon','sol','nft','NFTCommunity']|0|0|0|0|@iambrootsBullishlong-termNFTproject#mushmonlaunchingsoon.AbsolutelyinsaneandbeautifulartfollowedupwithacommunitygrantfocusedonsupportingSolanadevelopers.Follow\n@ImMoonbound\nforupdatesandjoinTG.https://t.co/pNMPe92qYD#sol#nft#NFTCommunity
1622606995973976064|202429655|2023-02-0614:43:49.000000+0000|['BTC','Bitcoin']|0|0|0|0|#BTC\xa0didnotretraceATALLforWave2.But,thatdoesn'tmeanit'snotWaveC!TheRSIisshowingthatthispumpisnotdoneyet,whichismakingmethinkthisisalreadyW3ofWaveC.WestillhavethetopofWaveCat$17.3-5k.#Bitcoinhttps://t.co/J3qDvlRLxT
1622605463597490176|1618217897620291590|2023-02-0614:37:43.000000+0000|['PREMINT','WLGiveaway','ETH','NFTCommunity']|0|0|0|0|Thegalaxyisreadytorevealmysteriestoyourightnow.\n\nTag3friendswhoarereadytotakepartintheadventurewithyou.\n\nDonâ€™tforgettoturnonnotificationssoyoudon'tmissimportantevents.\n\nhttps://t.co/AeKKTbuqT4\n\n#PREMINT#WLGiveaway#ETH#NFTCommunityhttps://t.co/2pfT9YLH5g
1622605496396963844|98325072|2023-02-0614:37:51.000000+0000|['Airdrop','Giveaway','USDT','Giveaways']|0|0|0|0|@Web3_ProtocolWISHMELUCKğŸ¸\n\n@NANAMI04427197@cryptomacro14@allgiftcard56\n\n#Airdrop#Giveaway#USDT#Giveaways
1622606927359275010|1622173614064959488|2023-02-0614:43:32.000000+0000|['PancakeSwap','FLOKIM','FLOKIMOONI','DOGE','SHIB']|0|0|0|0|@iamlaurael@Trippsoul_NFT@FlokiMooniisabouttotakeoffğŸ”¥\n\nâœ…Dapp&amp;NFTP2E\nâ‡ï¸LPlockedwithproof\nâ‡ï¸DOGErewardsforholders\n\nğŸš«NoPresale/Private/Whitelist\nğŸš«NoTeamwallets\nğŸ”¥50%Burn\nğŸ’§50%to#PancakeSwap\n\n#FLOKIM#FLOKIMOONI#DOGE#SHIB
1622605185787756544|1618917598774558723|2023-02-0614:36:37.000000+0000|['FLOV','ValentineFloki','Valentine','Floki','BSC','crypto','BNB','ElonMusk','Floki','100xgem','100x']|0|0|0|0|@BVCryptoNews@BitValentine@BitcoinsInsideValentineiscoming!!!â™¥ï¸\nPrepareyourselvesforanexplosiveweekğŸš€ğŸš€\n\nJoinourcommunity:\nhttps://t.co/yjQftSXVOz\n\n#FLOV#ValentineFloki#Valentine#Floki#BSC#crypto#BNB#ElonMusk#Floki#100xgem#100x
1622605228418777088|1551067188882116608|2023-02-0614:36:47.000000+0000|['Ethereum','ETH','Bitcoin','BTC','altcoin','cryptocurrency','crypto']|0|0|0|0|#Ethereumpriceupdate:\n\n#ETH$1631.28USD\n#Bitcoin0.07132476009087427#BTC\n\nFollowforrecentETHpriceupdates\n#altcoin,#cryptocurrency,#crypto
1622606982963245056|1231384144833400833|2023-02-0614:43:45.000000+0000|['hacking','facebookdown','whatspp','hackedinstagram','twitterdown','lockedaccount','MetaMask','ransomware','BNB']|0|0|0|0|Weareavailable24/7\ninboxandsmile\n#hacking#facebookdown#whatspp#hackedinstagram#twitterdown#lockedaccount#MetaMask#ransomware#BNB
1622605288867241984|1492386394484150272|2023-02-0614:37:02.000000+0000|['NFT','NFTs','NFTartwork','NFTarts','OpenSeaNFT','ETH','Art','Web3','Web3Names']|0|0|0|0|@famous_dylğŸ™ğŸ½VisitMyProfile\nâœ‰ï¸Share,Retweet,Support\nğŸ”¥Makemy#NFTartsold\nğŸ’NewProjectWillriseupğŸš€\nğŸ”¥Grabitnow.\nğŸ’MakeAnyOffer.\nğŸ‘€Accordingtoyourrating.\n\n#NFTs#NFTartwork#NFTarts#OpenSeaNFT#ETH#Art#Web3#Web3Names\n\nhttps://t.co/cEZBfTy2ka
1622605172428898307|1622175747954597890|2023-02-0614:36:34.000000+0000|['Shibereum','ShibaInu','SHIB','Shiba','Shibarium','ETH']|0|0|0|0|@FoxCryptoBSCBigthingsarecominguptooin#Shibereum\n\nâœ…Launch\nâœ…0tax\nâœ…Mevfree\nâœ…Hit1mmctwice\nâœ…Doheavybuybacks&amp;Burns\nâœ…70kUSDBuybacks\nâœ…AiArtGenerationbotlive\nâœ…2k+tgmembers\nâœ…Renouncedca\nâœ…Lpburnt\n\n@ShibereumAi\n\n#ShibaInu#SHIB#Shiba#Shibarium#ETH
1622605654946123776|1539264580110536704|2023-02-0614:38:29.000000+0000|['Tenset','10SET','BTC']|0|0|0|0|Thisiswhat#Tensetisallabout.Therearecommittedtotheirplandecreasingsupplyconstantly.\n\nTheyâ€™vewipedout2%ofthecirculationsupplyjustbyoneauction.\n\nImagine#10SEThavingmultipleauctionsinthefuture.\n\nThebasemodelishereandpricewillcatchup.\n\n#BTChttps://t.co/I38r415VgY
1622605467712204801|1346025030908481536|2023-02-0614:37:44.000000+0000|['Ethereum','GasPrice','ETHGasPrice','ETH']|0|0|0|0|Slow28.1|Normal28.1|Fast28.2|Instant35.9ğŸ‘ˆcurrentEthereumgaspricesingwei.DMmeapriceandIwillDMyouassoonasgasdropsbelowthatpriceğŸ‘#Ethereum#GasPrice#ETHGasPrice#ETH\n\nHaveyouusedtheotherbotsinmyfamily?@AVAXGas,@FTMGas
1622605262560587781|1619674259756060672|2023-02-0614:36:55.000000+0000|['Jumpstart','ETH','BSC','MATIC','CRO','crowdfunding','NFT','decentralized','cryptocurrency']|0|0|0|0|@RollbitRewardsHello,you'relookingfortherightcrowdfundingplatform,@SidekickFinance#Jumpstartgotyou-thefirstdecentralizedcrowdfundingplatformthatrunsonallmajorEVMchains#ETH#BSC#MATIC#CRO\xa0â€¯â€¯â€¯#crowdfunding#NFT#decentralized#cryptocurrency
1622605559231815683|1608457658197065728|2023-02-0614:38:06.000000+0000|['PancakeSwap','FLOKIM','FLOKIMOONI','DOGE','SHIB']|0|0|0|0|@Donjuliozz@FlokiMooniisabouttotakeoffğŸ”¥\n\nâœ…Dapp&amp;NFTP2E\nâ‡ï¸LPlockedwithproof\nâ‡ï¸DOGErewardsforholders\n\nğŸš«NoPresale/Private/Whitelist\nğŸš«NoTeamwallets\nğŸ”¥50%Burn\nğŸ’§50%to#PancakeSwap\n\n#FLOKIM#FLOKIMOONI#DOGE#SHIB
1622605374477029376|1431808314522972164|2023-02-0614:37:22.000000+0000|['Bitcoin','Airdrop','BNB']|0|0|0|0|Greatproject\n\n@BipuDas8\n@AkakhDas\n@biplabd07\n\n#Bitcoin#Airdrop#BNBhttps://t.co/3N8zn0icPg
1622605577028534272|21126305|2023-02-0614:38:10.000000+0000|['AI','AR','TenBaggerBlueprint']|0|0|0|0|Didyouknow?\n\n$NEXCF$NTARatintersectionoftwobiggestinvestmentthemesof2023:#AI#AR\n\n#TenBaggerBlueprint\n\nhttps://t.co/JN1nohw0Hm
1622605349994856450|1569120919356084225|2023-02-0614:37:16.000000+0000|['BTC','BTC','crypto','whale','alert','coinscreener']|0|0|0|0|$928.26k#BTClongedat$22892.9(USDT)onBinanceUSDâ“ˆ-M.\n\n#BTC$BTC#crypto#whale#alert#coinscreener\nForreal-timeWhaleinsightsğŸ‘‰https://t.co/sNSATXoyuQ
1622605332819357698|1492386394484150272|2023-02-0614:37:12.000000+0000|['NFT','NFTs','NFTartwork','NFTarts','OpenSeaNFT','ETH','Art','Web3','Web3Names']|0|0|0|0|@leonardnftpageğŸ™ğŸ½VisitMyProfile\nâœ‰ï¸Share,Retweet,Support\nğŸ”¥Makemy#NFTartsold\nğŸ’NewProjectWillriseupğŸš€\nğŸ”¥Grabitnow.\nğŸ’MakeAnyOffer.\nğŸ‘€Accordingtoyourrating.\n\n#NFTs#NFTartwork#NFTarts#OpenSeaNFT#ETH#Art#Web3#Web3Names\n\nhttps://t.co/cEZBfTy2ka
1622605368957206528|1548310862019973124|2023-02-0614:37:21.000000+0000|['PancakeSwap','FLOKIM','FLOKIMOONI','DOGE','SHIB']|0|0|0|0|@army_shiba@FlokiMooniisabouttotakeoffğŸ”¥\n\nâœ…Dapp&amp;NFTP2E\nâ‡ï¸LPlockedwithproof\nâ‡ï¸DOGErewardsforholders\n\nğŸš«NoPresale/Private/Whitelist\nğŸš«NoTeamwallets\nğŸ”¥50%Burn\nğŸ’§50%to#PancakeSwap\n\n#FLOKIM#FLOKIMOONI#DOGE#SHIB
1622605329719779330|3862608503|2023-02-0614:37:11.000000+0000|['XRP']|0|0|0|0|#XRPTOTAKEOVERTHEFINANCIALSYSTEMhttps://t.co/6pNBwv3Z09
1622606968744542211|1622173614064959488|2023-02-0614:43:42.000000+0000|['PancakeSwap','FLOKIM','FLOKIMOONI','DOGE','SHIB']|0|0|0|0|@lefrajill@FlokiMooniisabouttotakeoffğŸ”¥\n\nâœ…Dapp&amp;NFTP2E\nâ‡ï¸LPlockedwithproof\nâ‡ï¸DOGErewardsforholders\n\nğŸš«NoPresale/Private/Whitelist\nğŸš«NoTeamwallets\nğŸ”¥50%Burn\nğŸ’§50%to#PancakeSwap\n\n#FLOKIM#FLOKIMOONI#DOGE#SHIB
1622605553519435776|1487016293911830529|2023-02-0614:38:05.000000+0000|['buidl','web3','eth','development']|0|0|0|0|GettingsomeGoerliETHat@quicknode'sfaucetformy4De6aA31wallet!\n#buidl#web3#eth#development\nhttps://t.co/YjKldffJWB
1622606998033297408|1346025030908481536|2023-02-0614:43:49.000000+0000|['Ethereum','GasPrice','ETHGasPrice','ETH']|0|0|0|0|Slow26.7|Normal26.7|Fast26.7|Instant36.3ğŸ‘ˆcurrentEthereumgaspricesingwei.DMmeapriceandIwillDMyouassoonasgasdropsbelowthatpriceğŸ‘#Ethereum#GasPrice#ETHGasPrice#ETH\n\nHaveyouusedtheotherbotsinmyfamily?@AVAXGas,@FTMGas
1622605288703676416|1433785901641977863|2023-02-0614:37:02.000000+0000|['Bitcoin','Airdrop','Hashtagger']|0|0|0|0|Wecannotmakeanyonerichbyforce.Butsuchaprojectshouldnotbemissed.\n#Bitcoin#Airdrop#Hashtagger$BTChttps://t.co/r3wxGXKMs9
1622605222257299456|838458451273592834|2023-02-0614:36:46.000000+0000|['XRP']|0|0|0|0|GOODMORNING#XRPMILIONAIREShttps://t.co/qtE7eUycWD
1622606940336537600|1622173614064959488|2023-02-0614:43:35.000000+0000|['PancakeSwap','FLOKIM','FLOKIMOONI','DOGE','SHIB']|0|0|0|0|@nftDennyB@ABI20_nft@FlokiMooniisabouttotakeoffğŸ”¥\n\nâœ…Dapp&amp;NFTP2E\nâ‡ï¸LPlockedwithproof\nâ‡ï¸DOGErewardsforholders\n\nğŸš«NoPresale/Private/Whitelist\nğŸš«NoTeamwallets\nğŸ”¥50%Burn\nğŸ’§50%to#PancakeSwap\n\n#FLOKIM#FLOKIMOONI#DOGE#SHIB
1622605238505963520|1328474525294620673|2023-02-0614:36:50.000000+0000|['Btc']|0|0|0|0|DeathcrossorgoldcrossğŸ¤”#Btc
1622605156012392448|1518241454950436867|2023-02-0614:36:30.000000+0000|['VECHAIN','VECHAIN','RocketFi','VET','RocketFi','passiveincome','VeChain','VET']|0|0|0|0|Ifyoulove#VECHAINyoushouldlove@RealRocketFitoo.#VECHAINisoneof47tokens/coins#RocketFireflectsin.Noneedtostake.Justselectitinthedappandearn#VETwhileholding#RocketFiinyourwallet.ğŸ”¥ğŸ”¥ğŸ”¥.ğŸš€#passiveincome#VeChain#VEThttps://t.co/ioFFgqjb12
1622605183212462080|1608457658197065728|2023-02-0614:36:36.000000+0000|['PancakeSwap','FLOKIM','FLOKIMOONI','DOGE','SHIB']|0|0|0|0|@VoltInuOfficial@FlokiMooniisabouttotakeoffğŸ”¥\n\nâœ…Dapp&amp;NFTP2E\nâ‡ï¸LPlockedwithproof\nâ‡ï¸DOGErewardsforholders\n\nğŸš«NoPresale/Private/Whitelist\nğŸš«NoTeamwallets\nğŸ”¥50%Burn\nğŸ’§50%to#PancakeSwap\n\n#FLOKIM#FLOKIMOONI#DOGE#SHIB
1622605345951449092|28522358|2023-02-0614:37:15.000000+0000|['DOGE']|0|0|0|0|Can#DOGEreach$1asElonMusksaysheisconsideringusingcryptocurrencypaymentsforTwitter?https://t.co/NHxwdjsmlAvia@bollyinsidenews
1622605261058854913|1617330633478373376|2023-02-0614:36:55.000000+0000|['SheikhInu','SHINU','BNB']|1|0|0|0|@CryptoFeralThisweekâ€™sCryptoMarketPulse:\n\nâˆšWe'refullyLaunched!!!\nâˆšlistingonCMC/CEXinprogress!\nâˆšReliableandtrustedDev.\nâˆšBigwhales\n\n$SHINU#SheikhInu#SHINU#BNB\n#9
1622605259540688897|2900191320|2023-02-0614:36:55.000000+0000|['Radix','XRD']|0|0|0|0|@Crypto__Diva#Radix#XRDisamust
1622605320999645184|547328022|2023-02-0614:37:09.000000+0000|['AR','VoteBlueToSaveAmerica','sandyhook','parkland']|0|0|0|0|Lookathowmany@GOPmembersofourcongresswearan#AR-15pin.solittleconcernforguncontrolandmassshootings.Ugh.#VoteBlueToSaveAmerica#sandyhook#parklandhttps://t.co/r3w5fsRUuL
1622605539820638208|1379865634817802240|2023-02-0614:38:01.000000+0000|['ALGO','Gnosis']|0|0|0|0|â™¨ï¸â™¨ï¸â™¨ï¸SHORTâ™¨ï¸â™¨ï¸â™¨ï¸\n#ALGO\nğŸ›‘EntryPrice=0.2567\nğŸ›‘high-qualitysignal=â˜ï¸telegramchannel\nâ›”ï¸StopLoss=â˜ï¸telegramchannel\nâ˜ï¸LINKINBIO\nâŒ›2023-02-06T14:38:01Z\n$USTC#Gnosis$HOT$MIOTA
1622605200044466176|1152903281837875201|2023-02-0614:36:40.000000+0000|['BTC']|0|0|0|0|#BTCDerivsSheet(Tweetevery15min.)\nCMEDelayed(10min)\nGSDelayed(15min)andOI=SHARESOUThttps://t.co/ApGX4CcPOC
1622606934145728513|1587157298740436993|2023-02-0614:43:34.000000+0000|['Airdrop','FCFS','USDT','ReferAndEarn','Token','OEGDAO','Giveaway']|0|0|0|0|ğŸNEWBigUSDT&amp;FreeMintGiveaway@DAOOEGğŸ‰ğŸ‰\n\nâœ…Follow@DAOOEG\nâœ…â¤,RT&amp;Tag3Friend\nâœ…Grab50FreeMint&amp;$100USDTAIRDROPâ¤µ\nhttps://t.co/Ai6u1Mi1bp\n\n#Airdrop#FCFS#USDTâ€¯â€¯#ReferAndEarn#Token#OEGDAO#Giveaway
1622605523278331904|1608457658197065728|2023-02-0614:37:57.000000+0000|['PancakeSwap','FLOKIM','FLOKIMOONI','DOGE','SHIB']|0|0|0|0|@PiNewsMedia@PiCoreTeam@FlokiMooniisabouttotakeoffğŸ”¥\n\nâœ…Dapp&amp;NFTP2E\nâ‡ï¸LPlockedwithproof\nâ‡ï¸DOGErewardsforholders\n\nğŸš«NoPresale/Private/Whitelist\nğŸš«NoTeamwallets\nğŸ”¥50%Burn\nğŸ’§50%to#PancakeSwap\n\n#FLOKIM#FLOKIMOONI#DOGE#SHIB
1622605231119892480|202429655|2023-02-0614:36:48.000000+0000|['btc']|0|0|0|0|Whereâ€™sallmyTApeeps??Shareyour#btc\xa0chartsbelow!ğŸ‘‡ğŸ¼Letâ€™sbenerdstogether.https://t.co/Tm2O9nn2g3
1622605228314087424|1600888149848514561|2023-02-0614:36:47.000000+0000|['KINGDOM']|0|0|0|0|@AgroCrypto361@CryptoKoalaBtc@KingdomERC$KNDM#KINGDOMallthewayhttps://t.co/Sgcyh3wUaw
1622605598650175488|1523126536693374976|2023-02-0614:38:15.000000+0000|['ETH']|0|0|0|0|@CryptoMatt87Getthebestofbothworldswith$TICKR.StakeforETHrewardsandenjoymarketanalysiswithAIandmachinelearning.@tickrtech#ETH$INNIT
1622605399542337538|1492386394484150272|2023-02-0614:37:28.000000+0000|['NFT','NFTs','NFTartwork','NFTarts','OpenSeaNFT','ETH','Art','Web3','Web3Names']|0|0|0|0|@archy_nftğŸ™ğŸ½VisitMyProfile\nâœ‰ï¸Share,Retweet,Support\nğŸ”¥Makemy#NFTartsold\nğŸ’NewProjectWillriseupğŸš€\nğŸ”¥Grabitnow.\nğŸ’MakeAnyOffer.\nğŸ‘€Accordingtoyourrating.\n\n#NFTs#NFTartwork#NFTarts#OpenSeaNFT#ETH#Art#Web3#Web3Names\n\nhttps://t.co/cEZBfTy2ka
1622605482170150912|1608182666159091712|2023-02-0614:37:48.000000+0000|['KINGDOM']|0|0|0|0|@AgroCrypto361@CryptoKoalaBtc@KingdomERCI'maddingmore$KNDM#KINGDOM
1622606950860050433|1548310862019973124|2023-02-0614:43:38.000000+0000|['PancakeSwap','FLOKIM','FLOKIMOONI','DOGE','SHIB']|0|0|0|0|@GiveAwayHost@FlokiMooniisabouttotakeoffğŸ”¥\n\nâœ…Dapp&amp;NFTP2E\nâ‡ï¸LPlockedwithproof\nâ‡ï¸DOGErewardsforholders\n\nğŸš«NoPresale/Private/Whitelist\nğŸš«NoTeamwallets\nğŸ”¥50%Burn\nğŸ’§50%to#PancakeSwap\n\n#FLOKIM#FLOKIMOONI#DOGE#SHIB
1622605613166391302|1611664970650976256|2023-02-0614:38:19.000000+0000|['tinytesla','btc','blockchain','crypto']|0|0|0|0|@AngelsOfCrypto@bsc_daily@ArivaCoin@naboxwalletGooddaygemlovers,haveyougotaminutetocheckthisbullishBSCprojectTinyteslainternationalImrockingwith?Meanwhileournext100xiscloserthanyouthinkbuy&amp;hodl$TINTnowhurry\n\nhttps://t.co/XUim1OrWcf\nhttps://t.co/9M3xJPf2KSâ€¦\n#tinytesla#btc#blockchain#cryptohttps://t.co/pBhP0TlQ5l
1622605425085452290|1619607708960804864|2023-02-0614:37:34.000000+0000|['cz','Vcash','bsc']|0|0|0|0|@GollumsGemsVCASHSOFTCAPHASBEENFILLED\n\nVcashisadigitalcurrencyorcryptocurrencythatâ€™sdesignedtobeusedaselectroniccash.Updatedwiththerevolutionaryprivacyprotocol,ensuringcompleteanonymity,scalabilityandfungibility\nhttps://t.co/qWObbNHjl0\n#cz#Vcash#bsc\nğŸ¤‘1536
1622605415899967523|1548310862019973124|2023-02-0614:37:32.000000+0000|['PancakeSwap','FLOKIM','FLOKIMOONI','DOGE','SHIB']|0|0|0|0|@semangast@BscGemsX1000@FlokiMooniisabouttotakeoffğŸ”¥\n\nâœ…Dapp&amp;NFTP2E\nâ‡ï¸LPlockedwithproof\nâ‡ï¸DOGErewardsforholders\n\nğŸš«NoPresale/Private/Whitelist\nğŸš«NoTeamwallets\nğŸ”¥50%Burn\nğŸ’§50%to#PancakeSwap\n\n#FLOKIM#FLOKIMOONI#DOGE#SHIB
1622605433667043328|1617330633478373376|2023-02-0614:37:36.000000+0000|['SheikhInu','SHINU','BNB']|1|0|0|1|@PrimalDegen@chimpsverseThisweekâ€™sCryptoMarketPulse:\n\nâˆšWe'refullyLaunched!!!\nâˆšlistingonCMC/CEXinprogress!\nâˆšReliableandtrustedDev.\nâˆšBigwhales\n\n$SHINU#SheikhInu#SHINU#BNB\n#10
1622605376431456256|250839264|2023-02-0614:37:22.000000+0000|['XRP']|0|0|0|0|TwitterSpace?#XRPhttps://t.co/0PU4cDDSVv
1622605625875128320|1619817791862734856|2023-02-0614:38:22.000000+0000|['NFT','NFTs','NFTCommunity']|0|0|0|0|niceeğŸ’¯ğŸ’¯ğŸ”¥\n@eustun_nft\n#NFT#NFTs#NFTCommunityhttps://t.co/VxikkbXnNO
1622605462247215104|3308573106|2023-02-0614:37:43.000000+0000|['XRP']|0|0|0|0|#XRPisdecentralizedandifyoudonotunderstandthat,domoreresearch,please.https://t.co/mTiosa36B2
1622605601678446593|1326889325984845827|2023-02-0614:38:16.000000+0000|['ShibaArmy','SHIB']|0|0|0|0|#ShibaArmystandtogether!In#SHIBwetrust!https://t.co/4uKRuwX10U
1622605401320525829|1488497685241942017|2023-02-0614:37:28.000000+0000|['Bullrun','Shiba','Doge','ShibaDoge']|0|0|0|0|@MrBarryCryptoHopeYouâ€™llhaveagreatweekandthemarketwillstaygreen.Iâ€™mloadingupbefore#Bullrun\n\nMissed#ShibaMissed#Doge\nDonâ€™tmiss#ShibaDoge&amp;$BURN\n\nFollow@RealshibadogeandjoinTG:https://t.co/WygsmQcOsahttps://t.co/4s4oJGBP5n
1622606956836933632|1622173614064959488|2023-02-0614:43:39.000000+0000|['PancakeSwap','FLOKIM','FLOKIMOONI','DOGE','SHIB']|0|0|0|0|@kelseyblunting@CompoundingGth@naveenchanda7@nujenjit@DeFi_NFT_Web3@Fabio08435091@QuidiousJ@margo_13m@AaronAbkeArt@Izildure@tapok72@T_Rex8799@Rogergregoryns@DaxMendapara@firstpengui@FlokiMooniisabouttotakeoffğŸ”¥\n\nâœ…Dapp&amp;NFTP2E\nâ‡ï¸LPlockedwithproof\nâ‡ï¸DOGErewardsforholders\n\nğŸš«NoPresale/Private/Whitelist\nğŸš«NoTeamwallets\nğŸ”¥50%Burn\nğŸ’§50%to#PancakeSwap\n\n#FLOKIM#FLOKIMOONI#DOGE#SHIB
1622606994292211713|1383799430281711616|2023-02-0614:43:48.000000+0000|['YouHodler']|0|0|0|0|@YouHodler#YouHodler\n\nWewantP2PFeatures\nAddmoreToken\nAddmoreBlockchain\nplantosupportUSBhardwarewalletssuchasLedger,NanoS\nWeshouldbeabletoconnectourwallettoplaygamesonanyplatformandbeabletobuyNFTs
1622605390444924929|1005702129724502016|2023-02-0614:37:26.000000+0000|['VOLT','SHIB','Babydoge','Doge']|0|0|0|0|#VOLTfollowing#SHIBpathasitjustkilledazeroâš¡\n\n$10,000,000+burnandnewblockchainincomingğŸ”¥\n\nThenextbigmemecoinonETHandBSCğŸ‘€ğŸš€\n\n#Babydoge#Doge
1622605311839203329|1618320105221283858|2023-02-0614:37:07.000000+0000|['WOOFWORK','SHIBARIUM','SHIB']|0|0|0|0|@bitgetglobal$WOOF!#WOOFWORK#SHIBARIUM#SHIB\n\nThefreelancemarketplacewithcryptopayments.https://t.co/uPyYeTelah
1622605605360861184|1617330707725950976|2023-02-0614:38:17.000000+0000|['ETH','gem']|0|0|0|0|@Crossbars100@RollbitRewardsğŸ¤¼â€â™‚ï¸ğŸ¤¼â€â™‚ï¸@marshallinu_ğŸ¤¼ğŸ¤¼\n\n$MRIisupgradingto$MFC,MarshallInutomergewithandre-launchasMFC!ğŸ†\nMFCcoinholderswillberewardedforsimplyholding$MFCtokens\n\nğŸ’«Tax:6%buy/sell\nğŸ“†Date:7thFebruary\n#ETH#gem\n\nhttps://t.co/HtNdiMIXgL\nhttps://t.co/S8VCfyfQmQhttps://t.co/OIh167wVpi
1622605474930606084|1618917598774558723|2023-02-0614:37:46.000000+0000|['FLOV','ValentineFloki','Valentine','Floki','BSC','crypto','BNB','ElonMusk','Floki','100xgem','100x']|0|0|0|0|@RonnyFly1Valentineiscoming!!!â™¥ï¸\nPrepareyourselvesforanexplosiveweekğŸš€ğŸš€\n\nJoinourcommunity:\nhttps://t.co/yjQftSXVOz\n\n#FLOV#ValentineFloki#Valentine#Floki#BSC#crypto#BNB#ElonMusk#Floki#100xgem#100x
1622605198819725313|1621525154638753793|2023-02-0614:36:40.000000+0000|['VarisuHits300Crs','leo','Varisu']|0|0|0|0|Afterbigilnowjoin#VarisuHits300CrsğŸ”¥ğŸ”¥ğŸ”¥ğŸ’¯\nKingofboxofficealltimeâ¤â¤â¤ğŸ’¯\n\n#leo#Varisu@actorvijayhttps://t.co/ZI8twYbCEi
1622605299130720256|1601453286648795136|2023-02-0614:37:04.000000+0000|['binaryoptions','finance','opensea','doge','ico','stocks','cryptoinvestor','forextrading','nftartist','success','cryptomining','bitcoinexchange']|0|0|0|0|CheckoutmyitemlistingonOpenSea!https://t.co/uun3PMDQF6via@opensea#binaryoptions#finance#opensea#doge#ico#stocks#cryptoinvestor#forextrading#nftartist#success#cryptomining#bitcoinexchange
1622605660151234560|1367982193390145537|2023-02-0614:38:30.000000+0000|['Bitcoin','Airdrop','Hashtagger']|0|0|0|0|#Bitcoin#Airdrop#Hashtagger$BTChttps://t.co/DH9a8fkczj\noranylast-minutequestions,finduson
1622605231405281281|1487426299190603782|2023-02-0614:36:48.000000+0000|['DeFi','BLX','trading','optionstrading','OptionBlitz','Arbitrum']|0|0|0|0|$BLX#DeFi#BLX#trading#optionstrading#OptionBlitz#Arbitrum\nTelegram:https://t.co/KLJ8ZTUzxBhttps://t.co/98l5C9IRaK
1622605352876355584|1260159041705259008|2023-02-0614:37:17.000000+0000|['Bitcoin','BTC','cryptocurrencies']|0|0|0|0|#BitcoinFearandGreedIndexiscurrently61-GREED\n\n24htechnicalanalysisindex:46-HOLD\nRelativeStrengthIndex:49\nCurrent#BTCpriceis22878.88737343646usd\n\nLiveanalysisfor$BTCandothertop100#cryptocurrencieshttps://t.co/ENOPWZXWT3
1622605536947748865|1487016293911830529|2023-02-0614:38:01.000000+0000|['buidl','web3','eth','development']|0|0|0|0|GettingsomeGoerliETHat@quicknode'sfaucetformy3D6Df2e3wallet!\n#buidl#web3#eth#development\nhttps://t.co/YjKldffJWB
1622605652584460290|1618917598774558723|2023-02-0614:38:28.000000+0000|['FLOV','ValentineFloki','Valentine','Floki','BSC','crypto','BNB','ElonMusk','Floki','100xgem','100x']|0|0|0|0|@DropTownSaloonValentineiscoming!!!â™¥ï¸\nPrepareyourselvesforanexplosiveweekğŸš€ğŸš€\n\nJoinourcommunity:\nhttps://t.co/yjQftSXVOz\n\n#FLOV#ValentineFloki#Valentine#Floki#BSC#crypto#BNB#ElonMusk#Floki#100xgem#100x
1622606980115472384|1437031635896004616|2023-02-0614:43:45.000000+0000|['RIA','BKEX']|0|0|0|0|@BKEXGlobal@CalvariaP2E@bkex_jmI'msoexcitedtoParticipateinthispresaleğŸ¤©\nHopefullythisprojectcanrunsmoothlyandgrowassoonaspossible.ğŸš€ğŸš€\n@Dzs21Zenal\n@Cryptotrader900\n@rinadiani8\nTrulygratefulforthechance.YouhaveourğŸ’¯supportalways!ğŸ”¥\n\n#RIA#BKEXhttps://t.co/8xJ5uTcbr5
1622606924691943424|863767658453286912|2023-02-0614:43:32.000000+0000|['Varisu','Leo']|0|0|0|0|YoucangetopeningwithallthepoliticalmonopolybutatlasttheKingwinsğŸ‘‘\nAATANAYAGANforareasonâ¤ï¸â€ğŸ”¥\n#Varisu#Leo@actorvijayhttps://t.co/OvLlksOURThttps://t.co/oDViEBYKtq
1622605578966118402|1363334053253029891|2023-02-0614:38:11.000000+0000|['tcg','imx','NFTs']|0|0|0|0|Justgotan@AradenaWarriorGenesisCardPack!\n\nTweetingthistogetafreeone,prayingforaThronePackğŸ™\n#tcg#imx#NFTs
1622605337034641408|1612614232545316865|2023-02-0614:37:13.000000+0000|['Solana','ETH','NFTCollection','NFT','Polygon','NFTCommunity']|0|0|0|0|welcometomysketchparty!ğŸ‰\n\n#Solana#ETH#NFTCollection#NFT#Polygon#NFTCommunityhttps://t.co/fzpzd6iGwZ
1622605297599782912|1425725206845435905|2023-02-0614:37:04.000000+0000|['btc','thebullnews','cryptonews']|0|0|0|0|OxfordPhDStudentJailedForDefraudingInvestorsOf$2.6MillionInCryptohttps://t.co/ehhW92OMl4@TheBullArtist#btc#thebullnews#cryptonews
1622605597781655561|1567815507092414465|2023-02-0614:38:15.000000+0000|['Sugaryield']|0|0|0|0|@TokenSpiderman@PancakeSwapğŸ‘€HaveyoueverhedgeyourBNBagainststablecoins?\nâŒNoright?\nğŸ‘Hereistheprotocolcalled#Sugaryield,youcanearnupto2xonyourbnb!\nğŸ’°5160%APRonSugarFarms!\nğŸ‘Presalein1day,lastchancetobuyorregretlater!\nğŸ’¥10xontheirlaunch\nğŸ‘‰Join:https://t.co/RVUSvWQdcehttps://t.co/OsxQGG7l9m
1622605212396707840|1428059670552334342|2023-02-0614:36:43.000000+0000|['REP','REP','BTC','MTL','APT','XRP','STEEM','LSK','ARK','SAND','GMT','AQT','ETC','STRAX','FLOW','ETH','KNC','ZIL','BORA','GAS','HIFI','AHT','TFUEL','SBD']|0|0|0|0|ğŸ’£#REPand85Others,ğŸŸ¢56ğŸ”´30\n\nğŸ‡°ğŸ‡·135.23ì–µì›\nğŸ‡ºğŸ‡¸$11,571,572\nğŸ‡¯ğŸ‡µÂ¥1,271,002,415\nğŸ‡ªğŸ‡ºâ‚¬9,793,935\nğŸ‡¨ğŸ‡³74,702,898å…ƒ\n\nğŸ‰UpflowvolumeNow,Upbit(Korea)\n#REP#BTC#MTL#APT#XRP#STEEM#LSK#ARK#SAND#GMT#AQT#ETC#STRAX#FLOW#ETH#KNC#ZIL#BORA#GAS#HIFI#AHT#TFUEL#SBDhttps://t.co/52FffW6sme
1622605363836252163|1439471428844228609|2023-02-0614:37:19.000000+0000|['Web3','Ape','Gem','Metaverse']|0|0|0|0|@FoxCryptoBSCDon'tmissedtogetyourApeinvitesnowbeforeitstoolate,thereareonly30,976apedomaincanevermintedğŸ”¥Signupforwaitlistherehttps://t.co/Yzc6FY2J2Atogetyourinvites.\n\n#Web3#Ape#Gem#Metaverse\n\nhttps://t.co/9cSzv5yrsJ
1622606981105336320|1487019281636212737|2023-02-0614:43:45.000000+0000|['buidl','web3','eth','development']|0|0|0|0|GettingsomeGoerliETHat@quicknode'sfaucetformy88d6AC00wallet!\n#buidl#web3#eth#development\nhttps://t.co/NMZg8PyWEx
1622605353090273282|1569120919356084225|2023-02-0614:37:17.000000+0000|['BTC','BTC','crypto','whale','alert','coinscreener']|0|0|0|0|$358.80k#BTClongedat$22851.8(USDT)onBinanceUSDâ“ˆ-M.\n\n#BTC$BTC#crypto#whale#alert#coinscreener\nForreal-timeWhaleinsightsğŸ‘‰https://t.co/sNSATXoyuQ
1622606982401167360|948935767|2023-02-0614:43:45.000000+0000|['ETH','RESET']|0|0|0|0|NewATHincomingfor$RESETğŸ‘€\n\nGaininggoodmomentumandorganicgrowthattherighttimewithsellpressuresettodrasticallyreducewiththeupcomingtaxchange.\n\nTaxeswillnowbeinstantlypaidin#ETHasopposedto#RESET.\n\nhttps://t.co/5IaQHLImsmhttps://t.co/6v3KXoiOyOhttps://t.co/08tmfQTumh
1622605527682539522|1496055250406498306|2023-02-0614:37:59.000000+0000|['Airdrop','MATIC','Utopos']|0|0|0|0|GoodluckğŸ¤—ğŸ¤—\nGoodopportunitybestofluckeveryoneisaexcellentProjectnowgoingtobemoonsoon.ğŸ¥°ğŸ¥°\n\n@Samz332@NivritoBiswas@SouravR08949111\n$UTOP#Airdrop$UTOP#MATIC#Utoposhttps://t.co/Zhgu4bM2mW
1622606997236637697|1366731651183616001|2023-02-0614:43:49.000000+0000|['ETH','ETHimg']|0|0|0|0|#ETH#ETHimg:1hoursrilow\n2023-02-0623:43:49.216716https://t.co/JkY7ivikbj
1622605651120644096|1541602070641377281|2023-02-0614:38:28.000000+0000|['Sugaryield','Sugar','BSC','Binance','BNBChain','Web3','token','crypto','BSCGems','Staking','BNB']|0|0|0|0|@imofd@CryptoUnityCUThttps://t.co/hXnpTeCKxYMobileAppisLiveonPlaystore!\nAppLink:https://t.co/kttKESrZFn\nğŸªªAudit/KYCğŸ’ª\nGetRewardsinstablecoins.âœ¨\nFairlaunchlink:\nhttps://t.co/t52Z2WbcO4\n#Sugaryield#Sugar#BSC#Binance#BNBChain#Web3#token#crypto#BSCGems#Staking#BNBhttps://t.co/CYrPyIdh4G
1622605521059737602|1492386394484150272|2023-02-0614:37:57.000000+0000|['NFT','NFTs','NFTartwork','NFTarts','OpenSeaNFT','ETH','Art','Web3','Web3Names']|0|0|0|0|@simo_eth@jackbutcher@Vince_Van_DoughğŸ™ğŸ½VisitMyProfile\nâœ‰ï¸Share,Retweet,Support\nğŸ”¥Makemy#NFTartsold\nğŸ’NewProjectWillriseupğŸš€\nğŸ”¥Grabitnow.\nğŸ’MakeAnyOffer.\nğŸ‘€Accordingtoyourrating.\n\n#NFTs#NFTartwork#NFTarts#OpenSeaNFT#ETH#Art#Web3#Web3Names\n\nhttps://t.co/cEZBfTy2ka
1622606927644528640|1608457658197065728|2023-02-0614:43:32.000000+0000|['PancakeSwap','FLOKIM','FLOKIMOONI','DOGE','SHIB']|0|0|0|0|@squatsons@FlokiMooniisabouttotakeoffğŸ”¥\n\nâœ…Dapp&amp;NFTP2E\nâ‡ï¸LPlockedwithproof\nâ‡ï¸DOGErewardsforholders\n\nğŸš«NoPresale/Private/Whitelist\nğŸš«NoTeamwallets\nğŸ”¥50%Burn\nğŸ’§50%to#PancakeSwap\n\n#FLOKIM#FLOKIMOONI#DOGE#SHIB
1622605379300474880|1608457658197065728|2023-02-0614:37:23.000000+0000|['PancakeSwap','FLOKIM','FLOKIMOONI','DOGE','SHIB']|0|0|0|0|@bigchildart@FlokiMooniisabouttotakeoffğŸ”¥\n\nâœ…Dapp&amp;NFTP2E\nâ‡ï¸LPlockedwithproof\nâ‡ï¸DOGErewardsforholders\n\nğŸš«NoPresale/Private/Whitelist\nğŸš«NoTeamwallets\nğŸ”¥50%Burn\nğŸ’§50%to#PancakeSwap\n\n#FLOKIM#FLOKIMOONI#DOGE#SHIB
1622606997236649984|1436930613383032838|2023-02-0614:43:49.000000+0000|['genshintrades','genshintradings','genshintrade','genshintradings','genshintrade','genshinacctrade','GenshinImpact','GenshinImapct','genshintwt','twt','GenshinImpactCC','trader','crosstrader']|0|0|0|0|lf30x5+offeringjpsekai+rblx+genshindmifinterested&lt;/33\n\n#genshintrades#genshintradings#genshintrade#genshintradings#genshintrade#genshinacctrade#GenshinImpact#GenshinImapct#genshintwt#twt#GenshinImpactCC#trader#crosstrader
1622605175826309122|1576949612514054150|2023-02-0614:36:35.000000+0000|['CryptoNews','NFTs','NFTCommunity','nftnews']|0|0|0|0|Thecycleisrepeatinf!!\n.\n.\n.\n#CryptoNews#NFTs#NFTCommunity#nftnewshttps://t.co/lAQQaoi77s
1622606931830480896|1619226904468275200|2023-02-0614:43:33.000000+0000|['pionex','Bitstamp','Cryptocom','Exodus','Mycelium','Trezor','Electrum','WasabiWallet','Opolo','Cobo','ShiftCrypto','Ledger','Bitcoin','BTC','BitcoinCash','BCH','Ripple']|0|0|0|0|Areyoulookingforawaytorecoveryourlostcoinoryourlostwallet?\nIhavetheperfectserviceforyou\n#pionex#Bitstamp#Cryptocom#Exodus#Mycelium#Trezor#Electrum#WasabiWallet#Opolo#Cobo#ShiftCrypto#Ledgerâ€¯â€¯â€¯#Bitcoinâ€¯â€¯â€¯#BTCâ€¯â€¯â€¯#BitcoinCash#BCH#Ripplehttps://t.co/oycYH7z9mK
1622605178150027265|1619607708960804864|2023-02-0614:36:35.000000+0000|['cz','Vcash','bsc']|0|0|0|0|@GollumsGems@ThePlagueNFT@Pons_ETHVCASHSOFTCAPHASBEENFILLED\n\nVcashisadigitalcurrencyorcryptocurrencythatâ€™sdesignedtobeusedaselectroniccash.Updatedwiththerevolutionaryprivacyprotocol,ensuringcompleteanonymity,scalabilityandfungibility\nhttps://t.co/qWObbNHjl0\n#cz#Vcash#bsc\nğŸ¤‘1532
1622605404457902081|1617330707725950976|2023-02-0614:37:29.000000+0000|['ETH','gem']|0|0|0|0|@coinscreener_aiğŸ¤¼â€â™‚ï¸ğŸ¤¼â€â™‚ï¸@marshallinu_ğŸ¤¼ğŸ¤¼\n\n$MRIisupgradingto$MFC,MarshallInutomergewithandre-launchasMFC!ğŸ†\nMFCcoinholderswillberewardedforsimplyholding$MFCtokens\n\nğŸ’«Tax:6%buy/sell\nğŸ“†Date:7thFebruary\n#ETH#gem\n\nhttps://t.co/HtNdiMIXgL\nhttps://t.co/S8VCfyfQmQhttps://t.co/kas1iW9gZN
1622605275306885129|1618917598774558723|2023-02-0614:36:58.000000+0000|['FLOV','ValentineFloki','Valentine','Floki','BSC','crypto','BNB','ElonMusk','Floki','100xgem','100x']|0|0|0|0|@bitcoincryptonlValentineiscoming!!!â™¥ï¸\nPrepareyourselvesforanexplosiveweekğŸš€ğŸš€\n\nJoinourcommunity:\nhttps://t.co/yjQftSXVOz\n\n#FLOV#ValentineFloki#Valentine#Floki#BSC#crypto#BNB#ElonMusk#Floki#100xgem#100x
1622607003976704001|1622173614064959488|2023-02-0614:43:50.000000+0000|['PancakeSwap','FLOKIM','FLOKIMOONI','DOGE','SHIB']|0|0|0|0|@Hori_70@FlokiMooniisabouttotakeoffğŸ”¥\n\nâœ…Dapp&amp;NFTP2E\nâ‡ï¸LPlockedwithproof\nâ‡ï¸DOGErewardsforholders\n\nğŸš«NoPresale/Private/Whitelist\nğŸš«NoTeamwallets\nğŸ”¥50%Burn\nğŸ’§50%to#PancakeSwap\n\n#FLOKIM#FLOKIMOONI#DOGE#SHIB
1622605636855816192|1614622513257922560|2023-02-0614:38:25.000000+0000|['LUNC']|0|0|0|0|@nmeesen#LUNCisadiamondintherough\nğŸš€ğŸš€ğŸš€
1622607015074988032|1374675515739533319|2023-02-0614:43:53.000000+0000|['Varisu','LEO']|0|0|0|0|Day26,GrossAmmowwwğŸ¥µğŸ”¥ğŸ”¥\n\n#Varisu#LEO@actorvijayhttps://t.co/ytxMj2ic4K
1622605367128756224|1615911746467946499|2023-02-0614:37:20.000000+0000|['DOGE']|0|0|0|0|@Crypto__emilyIknowbetter#DOGE
1622606964759883776|1487762886961160192|2023-02-0614:43:41.000000+0000|['NFT','rugpullcommunity']|0|0|0|0|@TheNinjaLounge@xtweetxheartx@JBeeNinjaLounge@MiNDToken1@Erionz_@Tegcoin@RaiderTokenNoDragonballsneededhere!https://t.co/vWRSlevsac555CoolNFT'sRisenfromtheashes!#NFT#rugpullcommunity
1622605417288282112|1499299850130800642|2023-02-0614:37:32.000000+0000|['Sugaryield']|0|0|0|0|@asenkkk7607ğŸ‘€HaveyoueverhedgeyourBNBagainststablecoins?\nâŒNoright?\nğŸ‘Hereistheprotocolcalled#Sugaryield,youcanearnupto2xonyourbnb!\nğŸ’°5160%APRonSugarFarms!\nğŸ‘Presalein1day,lastchancetobuyorregretlater!\nğŸ’¥10xontheirlaunch\nğŸ‘‰Join:https://t.co/MEDZujFf3shttps://t.co/X2BvSFwAUN
1622605327316226048|1507702590196355072|2023-02-0614:37:11.000000+0000|['BTC']|0|0|0|0|@CryptoHuntinDad#BTCI'mMiraI'mnewhere,currentlyI'mdevelopingmyuniverseaswellasmyresearchtooltosecurethecryptospheredon'thesitatetofollowmetobeoneofthefirsttotakeadvantageofmyservicesonceavailable!welcometotheMiraverse!\nhttps://t.co/D4HwqICTaahttps://t.co/4Ktw8h0V1l
1622606943356329987|115474388|2023-02-0614:43:36.000000+0000|['dogrmy','Dogecoin']|0|0|0|0|@bnbbombs@CoinTigerEX@DogrmyTokenLookatthewebsiteandgotodashboardyoucanseeandclaimyourrewards.\nShareyourrewardsandwin!\n#dogrmy#Dogecoinhttps://t.co/jSqZ0Ceqe3
1622605550088511489|1437042789087268864|2023-02-0614:38:04.000000+0000|['Airdrop','FCFS','USDT','GemGverse','Giveaway','Token','ReferAndEarn']|0|0|0|0|ğŸNewMassive2000$Giveaway@GemGverseğŸ‰\n\nâœ…Follow@GemGverse\nâœ…â¤,RT&amp;Tag3Friend\nâœ…CompleteGleamTask--https://t.co/Z2478MYnn5\n\n#Airdrop#FCFS#USDT#GemGverse#Giveaway#Token#ReferAndEarn
1622605480215601156|1492386394484150272|2023-02-0614:37:47.000000+0000|['NFT','NFTs','NFTartwork','NFTarts','OpenSeaNFT','ETH','Art','Web3','Web3Names']|0|0|0|0|@AshleyDCanğŸ™ğŸ½VisitMyProfile\nâœ‰ï¸Share,Retweet,Support\nğŸ”¥Makemy#NFTartsold\nğŸ’NewProjectWillriseupğŸš€\nğŸ”¥Grabitnow.\nğŸ’MakeAnyOffer.\nğŸ‘€Accordingtoyourrating.\n\n#NFTs#NFTartwork#NFTarts#OpenSeaNFT#ETH#Art#Web3#Web3Names\n\nhttps://t.co/cEZBfTy2ka
1622607003234484226|1487019281636212737|2023-02-0614:43:50.000000+0000|['buidl','web3','eth','development']|0|0|0|0|GettingsomeGoerliETHat@quicknode'sfaucetformyb94318a7wallet!\n#buidl#web3#eth#development\nhttps://t.co/NMZg8PyWEx
1622605340964446218|1504272442243616772|2023-02-0614:37:14.000000+0000|['Leo','Janany','JananyArmy']|0|0|0|0|@JananyKunaseel1lookssogoodinyellowğŸ˜ğŸ’›#Leo#Janany#JananyArmyhttps://t.co/K9zN1zCKgQhttps://t.co/BeMTUxDnP3
1622605521990852608|1568195039230324737|2023-02-0614:37:57.000000+0000|['Turkey']|0|0|0|0|@LunaClassicHQPleasehelpğŸ™#Turkeyhttps://t.co/Tk4cO35PID
1622606997123391489|1618861629638066176|2023-02-0614:43:49.000000+0000|['NFTCommunity','NFTs','NFTGiveaways','nftsales','NFTartist','nftcollectors','NFT','Ethereum','ETH','openseaartists']|0|0|0|0|BillsThinksabouttoinvestmentpartnershipwithelon\n\nNFTARTONETHBLOCKCHAIN\n7DAYAUCTION@opensea\n\n@elonmusk@BillGates@gatesfoundation@melindagates@OPENSEA\n\n#NFTCommunity#NFTs#NFTGiveaways#nftsales#NFTartist#nftcollectors#NFT#Ethereum#ETH#openseaartists
1622606983101554688|1620890527771107328|2023-02-0614:43:46.000000+0000|['FLOV','ValentineFloki','Valentine','Floki','BSC','crypto','BNB','ElonMusk','Floki','100xgem','100x']|0|0|0|0|@BezosCryptoValentineiscoming!!!â™¥ï¸\nPrepareyourselvesforanexplosiveweekğŸš€ğŸš€\n\nJoinourcommunity:\nhttps://t.co/faYsjvbXtb\n\n#FLOV#ValentineFloki#Valentine#Floki#BSC#crypto#BNB#ElonMusk#Floki#100xgem#100x
1622605424443760642|1488358539886223360|2023-02-0614:37:34.000000+0000|['ETCBILLBOARD','ETCNFT','ETC','NFT','NFTCommunity']|0|0|0|0|ETCBillboard#1904\n1mintedfor0.3$ETC($6.83USD)\nGas:0.000169206ETC($0.00385USD)\n1205of10000minted\nTotalHolders:36addresses\nhttps://t.co/TQqljS6ST4\n\n#ETCBILLBOARD\n#ETCNFT#ETC#NFT#NFTCommunityhttps://t.co/dbwgeTwKkX
1622607007759966210|1548310862019973124|2023-02-0614:43:51.000000+0000|['PancakeSwap','FLOKIM','FLOKIMOONI','DOGE','SHIB']|0|0|0|0|@AltCryptoWhale@FlokiMooniisabouttotakeoffğŸ”¥\n\nâœ…Dapp&amp;NFTP2E\nâ‡ï¸LPlockedwithproof\nâ‡ï¸DOGErewardsforholders\n\nğŸš«NoPresale/Private/Whitelist\nğŸš«NoTeamwallets\nğŸ”¥50%Burn\nğŸ’§50%to#PancakeSwap\n\n#FLOKIM#FLOKIMOONI#DOGE#SHIB
1622606963837206530|1278871625530847232|2023-02-0614:43:41.000000+0000|['ethereum','crypto','blockchain','web3','bitcoin','bitcoin','defi','web3','sol','metaverse','bnb','nft','btc','crypto','eth']|0|0|0|0|TheChoppingBlockcrewdiscusses#ethereum#crypto#blockchain#web3#bitcoin\n#bitcoin#defi#web3#sol#metaverse#bnb#nft#btc#crypto#eth\nhttps://t.co/tp4WLrX9O2
1622605595546382340|1428059670552334342|2023-02-0614:38:15.000000+0000|['REP','REP','LSK','GMT','HIFI','CRE','TFUEL','AHT','ZIL','IQ','BAT','GLM','CBK','BORA','QTUM','FCT2','MVL','IOTA','ZRX','HUNT','META','GRS','DAWN','XTZ']|0|0|0|0|ğŸ’£#REPand76Others,ğŸŸ¢26ğŸ”´51\n\nğŸ‡°ğŸ‡·129.93ì–µì›\nğŸ‡ºğŸ‡¸$11,118,160\nğŸ‡¯ğŸ‡µÂ¥1,221,200,389\nğŸ‡ªğŸ‡ºâ‚¬9,410,176\nğŸ‡¨ğŸ‡³71,775,794å…ƒ\n\nğŸ‰UpflowvolumeNow,Upbit(Korea)\n#REP#LSK#GMT#HIFI#CRE#TFUEL#AHT#ZIL#IQ#BAT#GLM#CBK#BORA#QTUM#FCT2#MVL#IOTA#ZRX#HUNT#META#GRS#DAWN#XTZhttps://t.co/k8VV3ZbYKz
1622605217148682240|743736619|2023-02-0614:36:44.000000+0000|['altcoins','Bitcoin','btc','eth','SOL','avax','alts','CryptoNews','Cryptos','stockmarketcrash','imx']|0|0|0|0|Which#altcoinsdoyoustronglybelievein?\n\n#Bitcoin$btc#btc#eth$eth#SOL#avax$near$tsla$SPY$ndaq#alts#CryptoNews#Cryptos#stockmarketcrash$kda$imx#imx$ar$Ada$dothttps://t.co/7JUadFiQxi
1622605520103440384|1462574589993631747|2023-02-0614:37:57.000000+0000|['NFT','NFT','NFT','NFT','XRPL','xSTIK','XRP','XRPL','XRPLCommunity']|0|0|0|0|ğŸš€@xrpstik#NFTproject\n\nâœ…Mostvaluable#NFTbrand\nâœ…#NFTstakingzone\n\n@xrpstikistheoneofthebest#NFTprojecton#XRPLandwithThebestartist@TheRealSumi69\n\n#xSTIK#XRP#XRPL#XRPLCommunityhttps://t.co/4uuZJ90TNU
